install_id,device_id,display_name,publisher,version,last_used
in00001,wk0409,Microsoft Visio Professional 2021 - en-us,,,2026-02-18
in00002,wk0160,Visio Pro 2021,,,2026-01-10
in00003,wk0256,Visio Pro 2021,,,2025-10-18
in00004,wk0433,Microsoft Visio Professional 2021,,,2025-08-08
in00005,wk2014,Microsoft Visio Professional 2021 (64-bit),,,2025-12-20
in00006,wk0466,Visio Pro 2021,,,2026-01-19
in00007,wk0020,Microsoft Visio Professional 2021,,,2026-05-25
in00008,wk0419,Microsoft Visio Professional 2021 - en-us,,,2025-09-07
in00009,wk2050,Microsoft Visio Professional 2021 - en-us,,,2026-04-13
in00010,wk0187,Microsoft Visio Professional 2021,,,2025-08-29
in00011,wk0335,Microsoft Visio Professional 2021 (64-bit),,,2026-06-18
in00012,wk0010,Microsoft Visio Professional 2021 - en-us,,,2026-05-18
in00013,wk0398,Microsoft Visio Professional 2021,,,2026-02-15
in00014,wk2021,Microsoft Visio Professional 2021 (64-bit),,,2025-08-31
in00015,wk0108,Microsoft Visio Professional 2021 (64-bit),,,2026-02-24
in00016,wk0039,Microsoft Visio Professional 2021 - en-us,,,2025-11-04
in00017,wk0257,Microsoft Visio Professional 2021 (64-bit),,,2026-04-06
in00018,wk0223,Microsoft Visio Professional 2021 (64-bit),,,2025-11-29
in00019,wk0164,Microsoft Visio Professional 2021,,,2025-08-15
in00020,wk0204,Microsoft Visio Professional 2021 - en-us,,,2025-09-16
in00021,wk2051,Visio Pro 2021,,,2026-03-14
in00022,wk0356,Microsoft Visio Professional 2021,,,2026-03-06
in00023,wk0103,Microsoft Visio Professional 2021,,,2025-11-11
in00024,wk0467,Microsoft Visio Professional 2021,,,2025-09-12
in00025,wk0209,Visio Pro 2021,,,2026-02-08
in00026,wk2007,Microsoft Visio Professional 2021 (64-bit),,,2026-02-24
in00027,wk2044,Visio Pro 2021,,,2025-10-24
in00028,wk0016,Microsoft Visio Professional 2021,,,2025-09-11
in00029,wk0378,Visio Pro 2021,,,2025-10-19
in00030,wk2054,Visio Pro 2021,,,2026-04-11
in00031,wk0351,Visio Pro 2021,,,2026-02-17
in00032,wk0420,Microsoft Visio Professional 2021 (64-bit),,,
in00033,ks001,Microsoft Visio Professional 2021,,,
in00034,wk0215,Microsoft Visio Professional 2021 (64-bit),,,
in00035,wk0188,Microsoft Visio Professional 2021 - en-us,,,
in00036,wk0401,Visio Pro 2021,,,2026-09-02
in00037,wk2046,Microsoft Visio Professional 2021 - en-us,,,2026-08-20
in00038,wk0125,Visio Pro 2021,,,2026-08-09
in00039,wk0364,Visio Pro 2021,,,2026-09-08
in00040,wk0057,Microsoft Visio Professional 2021,,,2026-09-05
in00041,wk0258,Microsoft Visio Professional 2021 - en-us,,,2026-09-20
in00042,wk0280,Microsoft Visio Professional 2021,,,2026-08-22
in00043,wk0391,Microsoft Visio Professional 2021,,,2026-09-30
in00044,ks024,Microsoft Visio Professional 2021 - en-us,,,2026-08-19
in00045,wk0062,Microsoft Visio Professional 2021,,,2026-08-11
in00046,wk0013,Visio Pro 2021,,,2026-08-30
in00047,wk0076,Microsoft Visio Professional 2021 (64-bit),,,2026-08-31
in00048,wk0428,Microsoft Visio Professional 2021 (64-bit),,,2026-09-29
in00049,wk0430,Visio Pro 2021,,,2026-08-17
in00050,wk0360,Microsoft Visio Professional 2021 (64-bit),,,2026-08-22
in00051,wk0271,Microsoft Visio Professional 2021,,,2026-09-10
in00052,wk0111,Microsoft Visio Professional 2021 - en-us,,,2026-08-07
in00053,wk0229,Visio Pro 2021,,,2026-09-10
in00054,wk0310,Microsoft Visio Professional 2021 (64-bit),,,2026-08-13
in00055,wk0379,Visio Pro 2021,,,2026-09-13
in00056,wk0205,Visio Pro 2021,,,2026-09-10
in00057,wk2001,Microsoft Visio Professional 2021,,,2026-09-15
in00058,wk2008,Microsoft Visio Professional 2021 - en-us,,,2026-08-10
in00059,wk0269,Microsoft Visio Professional 2021 - en-us,,,2026-09-13
in00060,wk2017,Visio Pro 2021,,,2026-08-10
in00061,wk0112,Microsoft Visio Professional 2021 - en-us,,,2026-09-06
in00062,wk0410,Microsoft Visio Professional 2021 - en-us,,,2026-08-30
in00063,wk2011,Microsoft Visio Professional 2021 - en-us,,,2026-08-07
in00064,wk0200,Visio Pro 2021,,,2026-09-18
in00065,wk0236,Microsoft Visio Professional 2021,,,2026-08-12
in00066,ks010,Microsoft Visio Professional 2021 (64-bit),,,2026-09-10
in00067,wk0084,Microsoft Visio Professional 2021 - en-us,,,2026-09-11
in00068,wk0066,Microsoft Visio Professional 2021,,,2026-09-23
in00069,wk0475,Microsoft Visio Professional 2021,,,2026-08-12
in00070,wk0397,Visio Pro 2021,,,2026-09-06
in00071,wk0035,Microsoft Visio Professional 2021,,,2026-08-28
in00072,wk0414,Microsoft Visio Professional 2021 - en-us,,,2026-09-06
in00073,wk0408,Microsoft Visio Professional 2021,,,2026-09-25
in00074,wk0324,Microsoft Visio Professional 2021 (64-bit),,,2026-09-29
in00075,wk0098,Visio Pro 2021,,,2026-08-10
in00076,wk0240,Microsoft Visio Professional 2021,,,2026-08-24
in00077,wk0328,Visio Pro 2021,,,2026-08-12
in00078,wk0287,Microsoft Visio Professional 2021 (64-bit),,,2026-08-23
in00079,wk0369,Microsoft Visio Professional 2021,,,2026-08-22
in00080,wk0115,Microsoft Visio Professional 2021,,,2026-09-18
in00081,wk0417,Visio Pro 2021,,,2026-08-20
in00082,wk0074,Microsoft Visio Professional 2021 (64-bit),,,2026-08-22
in00083,wk0180,Microsoft Visio Professional 2021 (64-bit),,,2026-09-25
in00084,wk0341,Microsoft Visio Professional 2021,,,2026-08-07
in00085,wk0327,Microsoft Visio Professional 2021,,,2026-09-05
in00086,wk0425,Microsoft Visio Professional 2021,,,2026-08-04
in00087,ks017,Microsoft Visio Professional 2021 (64-bit),,,2026-09-08
in00088,wk0407,Microsoft Visio Professional 2021 - en-us,,,2026-08-12
in00089,wk2004,Microsoft Visio Professional 2021 - en-us,,,2026-08-27
in00090,wk0211,Microsoft Visio Professional 2021 - en-us,,,2026-08-07
in00091,wk0239,Visio Pro 2021,,,2026-09-20
in00092,wk0150,Microsoft Visio Professional 2021 - en-us,,,2026-09-29
in00093,wk0389,Visio Pro 2021,,,2026-09-30
in00094,wk2043,Microsoft Visio Professional 2021,,,2026-08-26
in00095,wk0332,Microsoft Visio Professional 2021,,,2026-08-31
in00096,wk0064,Microsoft Visio Professional 2021,,,2026-08-10
in00097,wk0399,Visio Pro 2021,,,2026-08-13
in00098,wk0426,Visio Pro 2021,,,2026-08-26
in00099,wk2009,Microsoft Visio Professional 2021,,,2026-09-03
in00100,wk0181,Visio Pro 2021,,,2026-10-01
in00101,wk2049,Microsoft Visio Professional 2021 (64-bit),,,2026-08-24
in00102,wk0435,Visio Pro 2021,,,2026-09-01
in00103,wk0117,Microsoft Visio Professional 2021,,,2026-08-27
in00104,wk0136,Visio Pro 2021,,,2026-09-26
in00105,wk2035,Microsoft Visio Professional 2021 (64-bit),,,2026-09-18
in00106,wk0192,Microsoft Visio Professional 2021,,,2026-08-22
in00107,wk2055,Microsoft Visio Professional 2021,,,2026-09-04
in00108,wk0129,Microsoft Visio Professional 2021,,,2026-10-01
in00109,wk0218,Microsoft Visio Professional 2021,,,2026-08-08
in00110,wk0347,Microsoft Visio Professional 2021,,,2026-09-18
in00111,wk0095,Visio Pro 2021,,,2026-09-23
in00112,wk0246,Microsoft Visio Professional 2021 - en-us,,,2026-09-30
in00113,wk0001,Microsoft Visio Professional 2021 (64-bit),,,2026-08-16
in00114,wk0412,Microsoft Visio Professional 2021 (64-bit),,,2026-09-03
in00115,wk2006,Microsoft Visio Professional 2021,,,2026-08-03
in00116,wk2041,Microsoft Visio Professional 2021 (64-bit),,,2026-09-08
in00117,wk0143,Microsoft Visio Professional 2021,,,2026-08-16
in00118,wk0183,Visio Pro 2021,,,2026-09-13
in00119,wk0471,Microsoft Project Professional 2021 - en-us,,,2026-02-06
in00120,wk0260,Microsoft Project Professional 2021,,,2026-04-04
in00121,wk0053,Microsoft Project Professional 2021,,,2026-01-27
in00122,wk0032,Microsoft Project Professional 2021,,,2025-09-04
in00123,wk0011,Microsoft Project Professional 2021 - en-us,,,2026-02-03
in00124,wk0062,Microsoft Project Professional 2021,,,2025-12-28
in00125,wk0015,Microsoft Project Professional 2021 - en-us,,,
in00126,wk0081,Microsoft Project Professional 2021 - en-us,,,
in00127,wk0398,Microsoft Project Professional 2021,,,2026-09-19
in00128,wk0318,Microsoft Project Professional 2021,,,2026-09-12
in00129,wk0319,Microsoft Project Professional 2021 - en-us,,,2026-08-19
in00130,wk0169,Microsoft Project Professional 2021,,,2026-09-02
in00131,wk2018,Microsoft Project Professional 2021 - en-us,,,2026-08-03
in00132,wk0061,Microsoft Project Professional 2021,,,2026-08-25
in00133,wk0323,Microsoft Project Professional 2021 - en-us,,,2026-08-12
in00134,wk0376,Microsoft Project Professional 2021,,,2026-09-02
in00135,wk0449,Microsoft Project Professional 2021 - en-us,,,2026-08-28
in00136,wk2001,Microsoft Project Professional 2021,,,2026-08-13
in00137,wk0170,Microsoft Project Professional 2021 - en-us,,,2026-09-17
in00138,wk0148,Microsoft Project Professional 2021 - en-us,,,2026-08-25
in00139,wk0119,Microsoft Project Professional 2021 - en-us,,,2026-08-06
in00140,wk0371,Microsoft Project Professional 2021,,,2026-09-01
in00141,wk0167,Microsoft Project Professional 2021,,,2026-09-19
in00142,wk0427,Microsoft Project Professional 2021,,,2026-09-19
in00143,wk2008,Microsoft Project Professional 2021 - en-us,,,2026-09-20
in00144,wk0394,Microsoft Project Professional 2021 - en-us,,,2026-09-08
in00145,wk0463,Microsoft Project Professional 2021,,,2026-09-06
in00146,wk0278,Microsoft Project Professional 2021,,,2026-09-16
in00147,wk0341,Microsoft Project Professional 2021 - en-us,,,2026-08-03
in00148,wk0299,Microsoft Project Professional 2021,,,2026-09-08
in00149,wk0286,Microsoft Project Professional 2021 - en-us,,,2026-09-08
in00150,wk0340,Microsoft Project Professional 2021,,,2026-08-12
in00151,wk0154,Microsoft Project Professional 2021 - en-us,,,2026-09-22
in00152,wk0316,Microsoft Project Professional 2021,,,2026-08-24
in00153,wk0438,Microsoft Project Professional 2021 - en-us,,,2026-09-09
in00154,wk0252,Microsoft Project Professional 2021,,,2026-08-29
in00155,wk0385,Microsoft Project Professional 2021,,,2026-09-25
in00156,wk0396,Microsoft Project Professional 2021 - en-us,,,2026-09-18
in00157,wk0239,Microsoft Project Professional 2021,,,2026-08-25
in00158,wk0462,Microsoft Project Professional 2021 - en-us,,,2026-09-15
in00159,wk0290,Microsoft Project Professional 2021,,,2026-09-04
in00160,wk0001,Microsoft Project Professional 2021 - en-us,,,2026-08-02
in00161,wk0329,Microsoft Project Professional 2021,,,2026-08-13
in00162,wk0269,Microsoft Project Professional 2021,,,2026-09-15
in00163,wk0346,Snagit 2024,,,2026-03-02
in00164,wk0205,TechSmith Snagit 2023,,,2026-03-23
in00165,wk0185,Snagit 2024,,,2025-09-13
in00166,wk0387,Snagit 2024,,,2025-11-11
in00167,wk0085,TechSmith Snagit 2023,,,2026-02-07
in00168,wk0028,Snagit 2024,,,2025-11-25
in00169,wk0052,Snagit 2024,,,2026-04-05
in00170,wk0035,TechSmith Snagit 2023,,,2026-02-05
in00171,wk0378,Snagit 2024,,,2026-01-03
in00172,wk0469,TechSmith Snagit 2023,,,2026-02-10
in00173,wk2018,TechSmith Snagit 2023,,,2026-04-29
in00174,wk0065,TechSmith Snagit 2023,,,2025-11-02
in00175,wk0406,Snagit 2024,,,2026-04-26
in00176,wk0122,Snagit 2024,,,2025-10-04
in00177,wk0092,TechSmith Snagit 2023,,,2026-03-07
in00178,wk0263,Snagit 2024,,,2026-01-28
in00179,wk0326,Snagit 2024,,,2026-02-12
in00180,wk0238,TechSmith Snagit 2023,,,2025-12-19
in00181,wk0091,Snagit 2024,,,2026-02-10
in00182,wk2038,Snagit 2024,,,2026-02-22
in00183,wk0402,TechSmith Snagit 2023,,,2025-12-06
in00184,wk0187,Snagit 2024,,,2025-11-23
in00185,wk0459,TechSmith Snagit 2023,,,2026-05-25
in00186,wk0163,Snagit 2024,,,2026-04-11
in00187,wk0379,TechSmith Snagit 2023,,,2025-11-09
in00188,wk0240,Snagit 2024,,,2025-10-05
in00189,wk0227,TechSmith Snagit 2023,,,
in00190,wk0176,Snagit 2024,,,
in00191,wk0039,TechSmith Snagit 2023,,,
in00192,wk0262,TechSmith Snagit 2023,,,2026-09-20
in00193,wk0360,Snagit 2024,,,2026-09-04
in00194,wk0060,TechSmith Snagit 2023,,,2026-08-04
in00195,wk0048,TechSmith Snagit 2023,,,2026-09-18
in00196,wk0264,Snagit 2024,,,2026-08-26
in00197,wk2045,Snagit 2024,,,2026-09-23
in00198,wk2015,Snagit 2024,,,2026-08-29
in00199,wk0057,Snagit 2024,,,2026-08-17
in00200,wk0103,Snagit 2024,,,2026-09-19
in00201,wk0148,Snagit 2024,,,2026-08-09
in00202,wk0325,TechSmith Snagit 2023,,,2026-08-06
in00203,wk0005,TechSmith Snagit 2023,,,2026-08-14
in00204,wk0203,Snagit 2024,,,2026-09-20
in00205,wk0305,Snagit 2024,,,2026-09-23
in00206,wk0451,TechSmith Snagit 2023,,,2026-08-25
in00207,wk0107,Snagit 2024,,,2026-09-19
in00208,wk2002,TechSmith Snagit 2023,,,2026-09-27
in00209,wk0331,Snagit 2024,,,2026-08-09
in00210,wk0380,TechSmith Snagit 2023,,,2026-08-29
in00211,wk0399,TechSmith Snagit 2023,,,2026-09-10
in00212,wk0127,TechSmith Snagit 2023,,,2026-08-09
in00213,wk0383,Snagit 2024,,,2026-09-26
in00214,wk2012,TechSmith Snagit 2023,,,2026-09-05
in00215,wk0388,TechSmith Snagit 2023,,,2026-09-23
in00216,wk0172,Snagit 2024,,,2026-09-16
in00217,wk0244,TechSmith Snagit 2023,,,2026-08-26
in00218,wk0146,Snagit 2024,,,2026-09-29
in00219,wk0012,TechSmith Snagit 2023,,,2026-08-18
in00220,wk0479,Snagit 2024,,,2026-08-26
in00221,wk0199,TechSmith Snagit 2023,,,2026-09-09
in00222,wk0036,Snagit 2024,,,2026-08-29
in00223,wk0160,TechSmith Snagit 2023,,,2026-09-24
in00224,wk0225,Snagit 2024,,,2026-08-17
in00225,wk0079,TechSmith Snagit 2023,,,2026-08-10
in00226,wk0382,TechSmith Snagit 2023,,,2026-08-13
in00227,wk0143,Snagit 2024,,,2026-08-26
in00228,wk0457,Snagit 2024,,,2026-09-13
in00229,wk0099,TechSmith Snagit 2023,,,2026-08-16
in00230,wk0394,Snagit 2024,,,2026-09-03
in00231,wk0022,Snagit 2024,,,2026-08-29
in00232,wk0076,Snagit 2024,,,2026-09-30
in00233,wk0463,Snagit 2024,,,2026-09-26
in00234,wk0347,Snagit 2024,,,2026-08-23
in00235,wk0330,Snagit 2024,,,2026-09-21
in00236,wk0239,TechSmith Snagit 2023,,,2026-09-12
in00237,wk2008,Snagit 2024,,,2026-08-27
in00238,wk0118,Snagit 2024,,,2026-09-30
in00239,wk0374,Snagit 2024,,,2026-08-03
in00240,wk0339,Snagit 2024,,,2026-09-15
in00241,wk0475,WinZip 27 (64-bit),,,2025-10-26
in00242,wk2055,WinZip 28.0,,,2026-06-08
in00243,wk0244,WinZip 28.0,,,2026-01-04
in00244,wk0454,WinZip 27 (64-bit),,,2026-03-19
in00245,wk0105,WinZip 27 (64-bit),,,2025-08-28
in00246,wk0359,WinZip 27 (64-bit),,,2026-06-17
in00247,wk0096,WinZip 28.0,,,2026-04-01
in00248,wk0183,WinZip 27 (64-bit),,,2026-01-09
in00249,wk0046,WinZip 27 (64-bit),,,2025-10-15
in00250,wk0279,WinZip 28.0,,,2026-01-29
in00251,wk0126,WinZip 28.0,,,2026-01-23
in00252,wk0476,WinZip 28.0,,,2026-06-12
in00253,wk2025,WinZip 28.0,,,2025-09-14
in00254,wk2032,WinZip 27 (64-bit),,,2025-08-17
in00255,wk0286,WinZip 28.0,,,2025-11-10
in00256,wk0112,WinZip 27 (64-bit),,,2025-10-02
in00257,wk0124,WinZip 27 (64-bit),,,2025-11-10
in00258,ks008,WinZip 28.0,,,2026-04-29
in00259,wk0415,WinZip 27 (64-bit),,,2026-04-05
in00260,wk0140,WinZip 27 (64-bit),,,2026-01-02
in00261,wk0232,WinZip 28.0,,,2026-04-13
in00262,ks004,WinZip 27 (64-bit),,,2025-08-12
in00263,wk0150,WinZip 28.0,,,2025-10-01
in00264,wk0473,WinZip 27 (64-bit),,,2025-10-23
in00265,wk0406,WinZip 27 (64-bit),,,2026-04-19
in00266,wk0168,WinZip 28.0,,,2026-05-02
in00267,wk0018,WinZip 28.0,,,2025-11-25
in00268,wk0398,WinZip 27 (64-bit),,,2025-10-12
in00269,wk0430,WinZip 28.0,,,2025-09-04
in00270,wk0037,WinZip 27 (64-bit),,,2025-11-22
in00271,wk0405,WinZip 28.0,,,2025-08-09
in00272,wk0053,WinZip 27 (64-bit),,,2025-12-11
in00273,wk0371,WinZip 27 (64-bit),,,2025-11-01
in00274,wk0346,WinZip 27 (64-bit),,,2025-12-25
in00275,wk0410,WinZip 27 (64-bit),,,2025-12-25
in00276,wk0246,WinZip 27 (64-bit),,,2025-09-27
in00277,wk0343,WinZip 28.0,,,2026-01-10
in00278,wk0446,WinZip 27 (64-bit),,,2025-10-11
in00279,wk0328,WinZip 27 (64-bit),,,2025-11-08
in00280,wk2050,WinZip 27 (64-bit),,,2026-03-21
in00281,wk0054,WinZip 28.0,,,
in00282,wk0332,WinZip 27 (64-bit),,,
in00283,ks002,WinZip 27 (64-bit),,,
in00284,wk0361,WinZip 28.0,,,
in00285,wk0255,WinZip 28.0,,,
in00286,wk0432,WinZip 27 (64-bit),,,
in00287,wk0011,WinZip 27 (64-bit),,,
in00288,wk0373,WinZip 28.0,,,
in00289,wk0111,WinZip 27 (64-bit),,,
in00290,wk0191,WinZip 28.0,,,
in00291,wk0070,WinZip 28.0,,,2026-09-04
in00292,wk2043,WinZip 28.0,,,2026-09-30
in00293,wk0443,WinZip 27 (64-bit),,,2026-09-15
in00294,wk0205,WinZip 27 (64-bit),,,2026-09-12
in00295,wk0258,WinZip 27 (64-bit),,,2026-08-28
in00296,wk0342,WinZip 27 (64-bit),,,2026-08-29
in00297,wk0010,WinZip 27 (64-bit),,,2026-09-07
in00298,wk0115,WinZip 28.0,,,2026-09-09
in00299,wk0071,WinZip 27 (64-bit),,,2026-08-24
in00300,wk0215,WinZip 28.0,,,2026-09-03
in00301,wk2016,WinZip 28.0,,,2026-08-19
in00302,wk0203,WinZip 28.0,,,2026-08-29
in00303,wk0397,WinZip 27 (64-bit),,,2026-09-25
in00304,wk0479,WinZip 27 (64-bit),,,2026-09-08
in00305,ks003,WinZip 28.0,,,2026-08-21
in00306,wk0324,WinZip 28.0,,,2026-08-06
in00307,wk0023,WinZip 27 (64-bit),,,2026-09-05
in00308,wk0414,WinZip 27 (64-bit),,,2026-09-06
in00309,wk0452,WinZip 27 (64-bit),,,2026-08-13
in00310,wk2024,WinZip 28.0,,,2026-08-18
in00311,wk0020,WinZip 27 (64-bit),,,2026-09-21
in00312,wk0017,WinZip 27 (64-bit),,,2026-09-11
in00313,ks011,WinZip 27 (64-bit),,,2026-09-27
in00314,wk2046,WinZip 28.0,,,2026-08-30
in00315,wk0317,WinZip 27 (64-bit),,,2026-09-24
in00316,wk0136,WinZip 27 (64-bit),,,2026-08-18
in00317,wk0469,WinZip 27 (64-bit),,,2026-08-10
in00318,wk0347,WinZip 28.0,,,2026-08-22
in00319,wk0319,WinZip 27 (64-bit),,,2026-08-29
in00320,wk0139,WinZip 28.0,,,2026-08-10
in00321,wk0321,WinZip 28.0,,,2026-08-30
in00322,wk0277,WinZip 28.0,,,2026-09-05
in00323,wk0412,WinZip 28.0,,,2026-09-28
in00324,ks001,WinZip 28.0,,,2026-09-09
in00325,wk2058,WinZip 27 (64-bit),,,2026-08-18
in00326,wk0318,WinZip 28.0,,,2026-10-01
in00327,wk0051,WinZip 28.0,,,2026-09-12
in00328,wk0128,WinZip 27 (64-bit),,,2026-08-04
in00329,wk0062,WinZip 28.0,,,2026-09-06
in00330,wk0266,WinZip 28.0,,,2026-08-25
in00331,wk0006,WinZip 28.0,,,2026-08-20
in00332,wk0222,WinZip 28.0,,,2026-09-19
in00333,wk0121,WinZip 27 (64-bit),,,2026-08-31
in00334,wk2014,WinZip 28.0,,,2026-08-07
in00335,wk0147,WinZip 28.0,,,2026-08-26
in00336,wk0057,WinZip 28.0,,,2026-09-05
in00337,wk0156,WinZip 28.0,,,2026-09-22
in00338,wk0177,WinZip 28.0,,,2026-08-29
in00339,wk0331,WinZip 28.0,,,2026-09-30
in00340,wk0085,WinZip 28.0,,,2026-09-27
in00341,wk0061,WinZip 27 (64-bit),,,2026-08-02
in00342,wk0030,WinZip 27 (64-bit),,,2026-08-10
in00343,wk0304,WinZip 27 (64-bit),,,2026-08-23
in00344,wk0263,WinZip 28.0,,,2026-08-11
in00345,wk0137,WinZip 28.0,,,2026-08-21
in00346,wk0043,WinZip 27 (64-bit),,,2026-08-19
in00347,wk0238,WinZip 28.0,,,2026-09-22
in00348,wk0302,WinZip 27 (64-bit),,,2026-09-09
in00349,wk0273,WinZip 28.0,,,2026-09-21
in00350,wk0075,WinZip 28.0,,,2026-09-14
in00351,wk0225,WinZip 28.0,,,2026-08-08
in00352,wk0063,WinZip 28.0,,,2026-09-09
in00353,wk0261,WinZip 27 (64-bit),,,2026-09-03
in00354,wk0067,WinZip 28.0,,,2026-09-30
in00355,wk2042,WinZip 27 (64-bit),,,2026-09-17
in00356,wk0208,WinZip 28.0,,,2026-08-25
in00357,wk0295,WinZip 28.0,,,2026-09-03
in00358,wk0470,WinZip 28.0,,,2026-08-23
in00359,ks005,WinZip 28.0,,,2026-09-16
in00360,ks007,WinZip 28.0,,,2026-09-29
in00361,wk0376,WinZip 28.0,,,2026-08-03
in00362,wk0044,WinZip 28.0,,,2026-09-11
in00363,wk0379,WinZip 27 (64-bit),,,2026-08-05
in00364,ks015,WinZip 27 (64-bit),,,2026-09-12
in00365,wk0447,WinZip 27 (64-bit),,,2026-08-24
in00366,wk0429,WinZip 27 (64-bit),,,2026-08-06
in00367,wk2020,WinZip 28.0,,,2026-08-02
in00368,wk0312,WinZip 27 (64-bit),,,2026-09-16
in00369,wk0355,WinZip 28.0,,,2026-08-19
in00370,wk0291,WinZip 27 (64-bit),,,2026-09-05
in00371,wk0113,WinZip 27 (64-bit),,,2026-09-06
in00372,wk2033,WinZip 28.0,,,2026-09-30
in00373,wk0197,WinZip 28.0,,,2026-09-26
in00374,wk0103,WinZip 27 (64-bit),,,2026-09-21
in00375,wk0280,WinZip 28.0,,,2026-09-07
in00376,wk0363,WinZip 27 (64-bit),,,2026-10-01
in00377,wk0187,WinZip 27 (64-bit),,,2026-09-06
in00378,wk0235,WinZip 27 (64-bit),,,2026-09-24
in00379,wk2056,WinZip 27 (64-bit),,,2026-08-28
in00380,wk0155,WinZip 27 (64-bit),,,2026-09-10
in00381,wk0313,WinZip 28.0,,,2026-08-21
in00382,ks022,WinZip 27 (64-bit),,,2026-09-24
in00383,wk0359,Adobe Acrobat Pro (64-bit),,,2025-08-07
in00384,wk0250,Adobe Acrobat Pro DC,,,2025-10-06
in00385,wk0396,Adobe Acrobat Pro (64-bit),,,2026-03-10
in00386,wk0195,Adobe Acrobat Pro DC,,,2025-10-04
in00387,wk0478,Adobe Acrobat Pro DC,,,2025-10-16
in00388,wk0290,Adobe Acrobat Pro (64-bit),,,2026-06-01
in00389,wk0352,Adobe Acrobat Pro DC,,,2026-03-26
in00390,wk0242,Adobe Acrobat Pro (64-bit),,,2026-02-23
in00391,wk0446,Adobe Acrobat Pro DC,,,2026-02-16
in00392,wk0035,Adobe Acrobat Pro (64-bit),,,2026-03-29
in00393,wk0285,Adobe Acrobat Pro (64-bit),,,2025-12-28
in00394,wk0025,Adobe Acrobat Pro DC,,,2026-05-07
in00395,wk0349,Adobe Acrobat Pro DC,,,2026-01-15
in00396,wk0159,Adobe Acrobat Pro (64-bit),,,2026-04-15
in00397,wk0247,Adobe Acrobat Pro DC,,,2025-10-19
in00398,wk0132,Adobe Acrobat Pro DC,,,2026-02-20
in00399,wk0094,Adobe Acrobat Pro (64-bit),,,2025-10-03
in00400,wk0201,Adobe Acrobat Pro (64-bit),,,2026-04-16
in00401,wk0276,Adobe Acrobat Pro DC,,,2026-01-21
in00402,wk0130,Adobe Acrobat Pro DC,,,2026-04-12
in00403,wk0453,Adobe Acrobat Pro DC,,,2026-01-04
in00404,wk2055,Adobe Acrobat Pro (64-bit),,,2025-09-16
in00405,wk0245,Adobe Acrobat Pro DC,,,2026-03-29
in00406,wk0163,Adobe Acrobat Pro (64-bit),,,2025-08-21
in00407,wk0376,Adobe Acrobat Pro (64-bit),,,
in00408,wk0361,Adobe Acrobat Pro DC,,,
in00409,wk0221,Adobe Acrobat Pro DC,,,
in00410,wk0414,Adobe Acrobat Pro (64-bit),,,
in00411,wk0385,Adobe Acrobat Pro DC,,,
in00412,wk0322,Adobe Acrobat Pro (64-bit),,,
in00413,wk2010,Adobe Acrobat Pro DC,,,2026-08-31
in00414,wk0297,Adobe Acrobat Pro DC,,,2026-09-29
in00415,wk0106,Adobe Acrobat Pro (64-bit),,,2026-08-05
in00416,wk0152,Adobe Acrobat Pro DC,,,2026-09-12
in00417,wk2006,Adobe Acrobat Pro (64-bit),,,2026-09-24
in00418,wk0243,Adobe Acrobat Pro DC,,,2026-09-03
in00419,wk0258,Adobe Acrobat Pro (64-bit),,,2026-09-21
in00420,wk0104,Adobe Acrobat Pro (64-bit),,,2026-09-03
in00421,wk0116,Adobe Acrobat Pro (64-bit),,,2026-08-26
in00422,wk0439,Adobe Acrobat Pro DC,,,2026-09-13
in00423,wk0231,Adobe Acrobat Pro DC,,,2026-08-27
in00424,wk0345,Adobe Acrobat Pro DC,,,2026-09-29
in00425,wk0067,Adobe Acrobat Pro (64-bit),,,2026-09-02
in00426,wk2002,Adobe Acrobat Pro (64-bit),,,2026-09-26
in00427,wk2034,Adobe Acrobat Pro (64-bit),,,2026-08-15
in00428,wk0133,Adobe Acrobat Pro (64-bit),,,2026-09-25
in00429,wk0305,Adobe Acrobat Pro (64-bit),,,2026-09-04
in00430,wk0460,Adobe Acrobat Pro (64-bit),,,2026-09-19
in00431,wk0225,Adobe Acrobat Pro (64-bit),,,2026-10-01
in00432,wk0300,Adobe Acrobat Pro DC,,,2026-08-04
in00433,wk0188,Adobe Acrobat Pro (64-bit),,,2026-08-21
in00434,wk0273,Adobe Acrobat Pro (64-bit),,,2026-08-22
in00435,wk0126,Adobe Acrobat Pro DC,,,2026-08-21
in00436,wk0206,Adobe Acrobat Pro DC,,,2026-09-26
in00437,wk0311,Adobe Acrobat Pro DC,,,2026-08-15
in00438,wk0261,Adobe Acrobat Pro (64-bit),,,2026-09-30
in00439,wk0108,Adobe Acrobat Pro DC,,,2026-08-09
in00440,wk0064,Adobe Acrobat Pro (64-bit),,,2026-09-13
in00441,wk2051,Adobe Acrobat Pro DC,,,2026-09-20
in00442,wk0384,Adobe Acrobat Pro (64-bit),,,2026-09-25
in00443,wk0062,Adobe Acrobat Pro (64-bit),,,2026-08-15
in00444,wk0347,Adobe Acrobat Pro DC,,,2026-09-07
in00445,wk0262,Adobe Acrobat Pro (64-bit),,,2026-08-21
in00446,wk0046,Adobe Acrobat Pro DC,,,2026-09-11
in00447,wk0277,Adobe Acrobat Pro DC,,,2026-09-08
in00448,wk0436,Adobe Acrobat Pro (64-bit),,,2026-08-27
in00449,wk0138,Adobe Acrobat Pro (64-bit),,,2026-08-09
in00450,wk2035,Adobe Acrobat Pro DC,,,2026-09-16
in00451,wk0395,Adobe Acrobat Pro DC,,,2026-09-29
in00452,wk0391,Adobe Acrobat Pro (64-bit),,,2026-08-26
in00453,wk0197,Adobe Acrobat Pro DC,,,2026-08-05
in00454,wk0014,Adobe Acrobat Pro DC,,,2026-08-02
in00455,wk0336,Adobe Acrobat Pro (64-bit),,,2026-08-31
in00456,wk0367,Adobe Acrobat Pro DC,,,2026-08-31
in00457,wk2054,Adobe Acrobat Pro DC,,,2026-09-12
in00458,wk0074,Adobe Acrobat Pro DC,,,2026-09-22
in00459,wk2046,Adobe Acrobat Pro DC,,,2026-09-21
in00460,wk0007,Adobe Acrobat Pro (64-bit),,,2026-09-03
in00461,wk0199,Adobe Acrobat Pro DC,,,2026-09-26
in00462,wk0363,Adobe Acrobat Pro (64-bit),,,2026-08-08
in00463,wk0044,Adobe Acrobat Pro DC,,,2026-09-01
in00464,wk0355,Adobe Acrobat Pro (64-bit),,,2026-09-18
in00465,wk0090,Adobe Acrobat Pro DC,,,2026-10-01
in00466,wk0397,Adobe Acrobat Pro (64-bit),,,2026-08-09
in00467,wk0435,Adobe Acrobat Pro (64-bit),,,2026-09-22
in00468,wk0118,Adobe Acrobat Pro DC,,,2026-09-27
in00469,wk0164,Adobe Acrobat Pro (64-bit),,,2026-08-30
in00470,wk0096,Adobe Acrobat Pro (64-bit),,,2026-08-06
in00471,wk0339,Adobe Acrobat Pro (64-bit),,,2026-09-27
in00472,wk0055,Adobe Acrobat Pro DC,,,2026-10-01
in00473,wk0034,Adobe Acrobat Pro DC,,,2026-08-05
in00474,wk0287,Adobe Acrobat Pro (64-bit),,,2026-09-07
in00475,wk0185,Adobe Acrobat Pro (64-bit),,,2026-10-01
in00476,wk0412,Adobe Acrobat Pro (64-bit),,,2026-08-11
in00477,wk0256,Adobe Acrobat Pro DC,,,2026-08-26
in00478,wk0388,Adobe Acrobat Pro DC,,,2026-09-01
in00479,wk2026,Adobe Acrobat Pro (64-bit),,,2026-08-28
in00480,wk0098,Adobe Acrobat Pro (64-bit),,,2026-08-29
in00481,wk0033,Adobe Acrobat Pro DC,,,2026-09-04
in00482,wk0466,Adobe Acrobat Pro DC,,,2026-09-06
in00483,wk0463,Adobe Acrobat Pro DC,,,2026-08-11
in00484,wk0045,Adobe Acrobat Pro (64-bit),,,2026-08-16
in00485,wk0115,Adobe Acrobat Pro (64-bit),,,2026-08-24
in00486,wk0147,Adobe Acrobat Pro (64-bit),,,2026-08-26
in00487,wk2016,Adobe Acrobat Pro (64-bit),,,2026-08-02
in00488,wk0418,Adobe Acrobat Pro DC,,,2026-09-01
in00489,wk0366,Adobe Acrobat Pro (64-bit),,,2026-09-12
in00490,wk0204,Adobe Acrobat Pro DC,,,2026-08-29
in00491,wk0144,Adobe Acrobat Pro DC,,,2026-08-08
in00492,wk0182,Adobe Acrobat Pro (64-bit),,,2026-09-17
in00493,wk2025,Adobe Acrobat Pro DC,,,2026-08-18
in00494,wk0237,Adobe Acrobat Pro (64-bit),,,2026-09-22
in00495,wk2057,Adobe Acrobat Pro (64-bit),,,2026-08-27
in00496,wk0321,Adobe Acrobat Pro DC,,,2026-09-08
in00497,wk0426,Adobe Acrobat Pro (64-bit),,,2026-08-26
in00498,wk2017,Adobe Acrobat Pro (64-bit),,,2026-09-06
in00499,wk0141,Adobe Acrobat Pro DC,,,2026-09-24
in00500,wk0457,Adobe Acrobat Pro DC,,,2026-09-20
in00501,wk0015,Adobe Acrobat Pro DC,,,2026-08-27
in00502,wk0187,Adobe Acrobat Pro (64-bit),,,2026-09-17
in00503,wk2038,Adobe Acrobat Pro DC,,,2026-08-21
in00504,wk0409,Adobe Acrobat Pro (64-bit),,,2026-09-19
in00505,wk0451,Adobe Acrobat Pro (64-bit),,,2026-08-17
in00506,wk0353,Adobe Acrobat Pro (64-bit),,,2026-09-17
in00507,wk0179,Adobe Acrobat Pro DC,,,2026-09-17
in00508,wk0211,Adobe Acrobat Pro DC,,,2026-08-15
in00509,wk0012,Adobe Acrobat Pro (64-bit),,,2026-08-08
in00510,wk0337,Adobe Acrobat Pro DC,,,2026-08-19
in00511,wk0360,Adobe Acrobat Pro (64-bit),,,2026-08-11
in00512,wk0358,Adobe Acrobat Pro DC,,,2026-09-23
in00513,wk0236,Adobe Acrobat Pro DC,,,2026-08-22
in00514,wk0127,Adobe Acrobat Pro (64-bit),,,2026-09-02
in00515,wk0205,Adobe Acrobat Pro DC,,,2026-08-28
in00516,wk0180,Adobe Acrobat Pro (64-bit),,,2026-09-19
in00517,wk0425,Adobe Acrobat Pro DC,,,2026-08-13
in00518,wk0050,Adobe Acrobat Pro (64-bit),,,2026-09-23
in00519,wk0093,Adobe Acrobat Pro DC,,,2026-08-13
in00520,wk0149,Adobe Acrobat Pro DC,,,2026-09-06
in00521,wk0058,Adobe Acrobat Pro (64-bit),,,2026-09-28
in00522,wk0473,Adobe Acrobat Pro DC,,,2026-09-29
in00523,wk2005,Adobe Acrobat Pro DC,,,2026-08-18
in00524,wk0375,Adobe Acrobat Pro (64-bit),,,2026-09-02
in00525,wk0112,Adobe Acrobat Pro DC,,,2026-09-24
in00526,wk0364,Adobe Acrobat Pro DC,,,2026-09-04
in00527,wk0346,Adobe Acrobat Pro DC,,,2026-08-23
in00528,wk0020,Adobe Acrobat Pro DC,,,2026-08-26
in00529,wk0207,Adobe Acrobat Pro (64-bit),,,2026-08-04
in00530,wk0394,Adobe Acrobat Pro (64-bit),,,2026-09-21
in00531,wk0399,Adobe Acrobat Pro (64-bit),,,2026-08-15
in00532,wk0082,Adobe Acrobat Pro DC,,,2026-08-11
in00533,wk0220,Adobe Acrobat Pro (64-bit),,,2026-08-10
in00534,wk0101,Adobe Acrobat Pro DC,,,2026-09-24
in00535,wk0387,Adobe Acrobat Pro (64-bit),,,2026-09-08
in00536,wk0155,Adobe Acrobat Pro (64-bit),,,2026-08-16
in00537,wk0079,Adobe Acrobat Pro (64-bit),,,2026-09-29
in00538,wk0194,Adobe Acrobat Pro (64-bit),,,2026-09-25
in00539,wk0378,Adobe Acrobat Pro (64-bit),,,2026-08-27
in00540,wk0392,Adobe Acrobat Pro DC,,,2026-08-11
in00541,wk0282,Adobe Acrobat Pro DC,,,2026-09-29
in00542,wk2020,Adobe Acrobat Pro (64-bit),,,2026-09-15
in00543,wk2030,Adobe Acrobat Pro (64-bit),,,2026-09-19
in00544,wk0326,Adobe Acrobat Pro (64-bit),,,2026-09-30
in00545,wk0091,Adobe Acrobat Pro DC,,,2026-09-24
in00546,wk0289,Adobe Acrobat Pro DC,,,2026-08-31
in00547,wk2021,Adobe Acrobat Pro (64-bit),,,2026-09-27
in00548,wk0291,Adobe Acrobat Pro DC,,,2026-09-20
in00549,wk0254,Adobe Acrobat Pro (64-bit),,,2026-08-27
in00550,wk0433,Adobe Acrobat Pro (64-bit),,,2026-08-07
in00551,wk0266,Adobe Acrobat Pro DC,,,2026-08-09
in00552,wk2040,Adobe Acrobat Pro (64-bit),,,2026-08-25
in00553,wk0222,Adobe Acrobat Pro (64-bit),,,2026-08-28
in00554,wk0343,Adobe Acrobat Pro (64-bit),,,2026-08-02
in00555,wk0350,Adobe Acrobat Pro DC,,,2026-10-01
in00556,wk0294,Adobe Acrobat Pro DC,,,2026-09-10
in00557,wk0178,Adobe Acrobat Pro (64-bit),,,2026-08-31
in00558,wk0000,Adobe Acrobat Pro DC,,,2026-08-07
in00559,wk0057,Adobe Acrobat Pro DC,,,2026-08-11
in00560,wk0335,Adobe Acrobat Pro DC,,,2026-09-27
in00561,wk0146,Adobe Acrobat Pro (64-bit),,,2026-08-23
in00562,wk0021,Adobe Acrobat Pro (64-bit),,,2026-08-09
in00563,wk0299,Adobe Acrobat Pro (64-bit),,,2026-09-21
in00564,wk0310,Adobe Acrobat Pro DC,,,2026-09-06
in00565,wk0356,Adobe Acrobat Pro DC,,,2026-08-07
in00566,wk0024,Adobe Acrobat Pro (64-bit),,,2026-09-08
in00567,wk0125,Adobe Acrobat Pro DC,,,2026-08-29
in00568,wk0348,Adobe Acrobat Pro DC,,,2026-09-12
in00569,wk0056,Adobe Acrobat Pro DC,,,2026-08-25
in00570,wk0019,Adobe Acrobat Pro DC,,,2026-09-18
in00571,wk2036,Adobe Acrobat Pro (64-bit),,,2026-08-10
in00572,wk0107,Adobe Acrobat Pro (64-bit),,,2026-08-16
in00573,wk0176,Adobe Acrobat Pro (64-bit),,,2026-09-10
in00574,wk0459,Adobe Acrobat Pro (64-bit),,,2026-09-07
in00575,wk0213,Adobe Acrobat Pro DC,,,2026-09-11
in00576,wk2042,Adobe Acrobat Pro (64-bit),,,2026-09-10
in00577,wk0315,Adobe Acrobat Pro DC,,,2026-09-10
in00578,wk0113,Adobe Acrobat Pro DC,,,2026-09-30
in00579,wk0143,Adobe Acrobat Pro DC,,,2026-09-02
in00580,wk0269,Adobe Acrobat Pro DC,,,2026-08-22
in00581,wk0476,Adobe Acrobat Pro DC,,,2026-08-16
in00582,wk0365,Adobe Acrobat Pro (64-bit),,,2026-09-14
in00583,wk0217,Adobe Acrobat Pro DC,,,2026-09-14
in00584,wk0226,Adobe Acrobat Pro (64-bit),,,2026-08-30
in00585,wk0174,Adobe Acrobat Pro DC,,,2026-09-09
in00586,wk0257,Adobe Acrobat Pro DC,,,2026-08-18
in00587,wk0405,Adobe Acrobat Pro DC,,,2026-08-04
in00588,wk2001,Adobe Acrobat Pro DC,,,2026-08-07
in00589,wk2007,Adobe Acrobat Pro (64-bit),,,2026-08-13
in00590,wk2009,Adobe Acrobat Pro DC,,,2026-08-22
in00591,wk2014,Adobe Acrobat Pro (64-bit),,,2026-09-08
in00592,wk2022,Adobe Acrobat Pro DC,,,2026-08-12
in00593,wk2023,Adobe Acrobat Pro DC,,,2026-08-07
in00594,wk2027,Adobe Acrobat Pro DC,,,2026-08-19
in00595,wk2029,Adobe Acrobat Pro (64-bit),,,2026-09-12
in00596,wk2031,Adobe Acrobat Pro (64-bit),,,2026-08-15
in00597,wk0301,Adobe Creative Cloud Desktop,,,2025-09-04
in00598,wk0376,Adobe Creative Cloud,,,2026-05-17
in00599,wk0149,Adobe Creative Cloud,,,2025-08-29
in00600,wk0212,Adobe Creative Cloud,,,2025-08-28
in00601,wk0325,Adobe Creative Cloud Desktop,,,2026-01-19
in00602,wk0421,Adobe Creative Cloud Desktop,,,2026-09-02
in00603,wk0244,Adobe Creative Cloud Desktop,,,2026-08-13
in00604,wk0202,Adobe Creative Cloud,,,2026-08-16
in00605,wk0034,Adobe Creative Cloud Desktop,,,2026-08-09
in00606,wk0415,Adobe Creative Cloud,,,2026-09-11
in00607,wk0203,Adobe Creative Cloud Desktop,,,2026-09-14
in00608,wk0396,Adobe Creative Cloud,,,2026-08-28
in00609,wk0194,Adobe Creative Cloud,,,2026-08-14
in00610,wk0458,Adobe Creative Cloud Desktop,,,2026-08-22
in00611,wk0285,Adobe Creative Cloud,,,2026-09-16
in00612,wk0297,Adobe Creative Cloud,,,2026-09-18
in00613,wk0224,Adobe Creative Cloud Desktop,,,2026-09-06
in00614,wk0148,Adobe Creative Cloud Desktop,,,2026-09-19
in00615,wk0474,Adobe Creative Cloud,,,2026-08-07
in00616,wk0144,Adobe Creative Cloud,,,2026-09-19
in00617,wk0211,Adobe Creative Cloud,,,2026-08-16
in00618,wk0090,Adobe Creative Cloud,,,2026-09-23
in00619,wk0080,Adobe Creative Cloud,,,2026-09-26
in00620,wk0123,Adobe Creative Cloud Desktop,,,2026-08-11
in00621,wk0004,Adobe Creative Cloud,,,2026-08-16
in00622,wk0271,Adobe Creative Cloud,,,2026-10-01
in00623,wk0266,Adobe Creative Cloud,,,2026-09-14
in00624,wk0239,Adobe Creative Cloud Desktop,,,2026-08-22
in00625,wk0337,Adobe Creative Cloud,,,2026-08-03
in00626,wk0452,Adobe Creative Cloud Desktop,,,2026-09-18
in00627,wk0183,Adobe Creative Cloud,,,2026-09-11
in00628,wk0101,Adobe Creative Cloud Desktop,,,2026-08-21
in00629,wk0346,Adobe Creative Cloud Desktop,,,2026-09-06
in00630,wk0037,Adobe Creative Cloud,,,2026-09-20
in00631,wk0086,Adobe Creative Cloud Desktop,,,2026-08-07
in00632,wk0423,Adobe Creative Cloud,,,2026-08-12
in00633,wk0186,Adobe Creative Cloud Desktop,,,2026-09-26
in00634,wk0156,Adobe Creative Cloud Desktop,,,2026-08-13
in00635,wk0409,AutoCAD LT 2025,,,2026-06-14
in00636,wk0263,AutoCAD LT 2025,,,2026-03-08
in00637,wk0474,AutoCAD LT 2025,,,2025-09-25
in00638,wk0013,AutoCAD LT 2024 - English,,,2026-09-09
in00639,wk0026,AutoCAD LT 2024 - English,,,2026-09-04
in00640,wk0324,AutoCAD LT 2025,,,2026-08-28
in00641,wk0320,AutoCAD LT 2024 - English,,,2026-08-20
in00642,wk0057,AutoCAD LT 2024 - English,,,2026-09-17
in00643,wk0425,AutoCAD LT 2024 - English,,,2026-08-10
in00644,wk0337,AutoCAD LT 2025,,,2026-08-14
in00645,wk0160,AutoCAD LT 2024 - English,,,2026-08-13
in00646,wk0095,AutoCAD LT 2024 - English,,,2026-08-21
in00647,wk0284,Tableau Desktop 2024.2,,,2025-08-08
in00648,wk0370,Tableau Desktop 2024.2,,,2026-04-22
in00649,wk2055,Tableau Desktop 2024.2,,,2026-08-28
in00650,wk0280,Tableau Desktop 2024.2,,,2026-08-27
in00651,wk0135,Tableau Desktop 2025.1,,,2026-09-15
in00652,wk0258,Tableau Desktop 2024.2,,,2026-08-15
in00653,wk0009,Tableau Desktop 2024.2,,,2026-08-05
in00654,wk2007,Tableau Desktop 2024.2,,,2026-08-07
in00655,wk0102,Tableau Desktop 2024.2,,,2026-08-29
in00656,wk0371,Tableau Desktop 2024.2,,,2026-09-09
in00657,wk0154,Tableau Desktop 2025.1,,,2026-09-03
in00658,wk0233,Tableau Desktop 2025.1,,,2026-09-18
in00659,wk0410,Tableau Desktop 2025.1,,,2026-08-05
in00660,wk0092,Tableau Desktop 2024.2,,,2026-09-02
in00661,wk0028,Tableau Desktop 2024.2,,,2026-09-11
in00662,wk0000,Zoom Workplace (64-bit),,,2026-09-25
in00663,wk0001,Zoom,,,2026-09-27
in00664,wk0002,Zoom,,,2026-08-19
in00665,wk0003,Zoom Workplace (64-bit),,,2026-09-28
in00666,wk0004,Zoom,,,2026-08-26
in00667,wk0005,Zoom,,,2026-09-05
in00668,wk0006,Zoom Workplace (64-bit),,,2026-08-02
in00669,wk0007,Zoom,,,2026-09-30
in00670,wk0008,Zoom,,,2026-09-30
in00671,wk0009,Zoom,,,2026-08-17
in00672,wk0010,Zoom Workplace (64-bit),,,2026-09-16
in00673,wk0011,Zoom Workplace (64-bit),,,2026-09-09
in00674,wk0012,Zoom,,,2026-09-11
in00675,wk0013,Zoom,,,2026-08-21
in00676,wk0014,Zoom,,,2026-09-12
in00677,wk0015,Zoom Workplace (64-bit),,,2026-09-18
in00678,wk0016,Zoom,,,2026-09-01
in00679,wk0017,Zoom Workplace (64-bit),,,2026-08-14
in00680,wk0018,Zoom,,,2026-08-10
in00681,wk0019,Zoom Workplace (64-bit),,,2026-09-13
in00682,wk0020,Zoom Workplace (64-bit),,,2026-09-10
in00683,wk0021,Zoom Workplace (64-bit),,,2026-08-31
in00684,wk0022,Zoom,,,2026-09-21
in00685,wk0023,Zoom,,,2026-08-19
in00686,wk0024,Zoom Workplace (64-bit),,,2026-09-18
in00687,wk0025,Zoom Workplace (64-bit),,,2026-08-06
in00688,wk0026,Zoom,,,2026-08-08
in00689,wk0027,Zoom,,,2026-09-29
in00690,wk0028,Zoom,,,2026-09-20
in00691,wk0029,Zoom Workplace (64-bit),,,2026-08-07
in00692,wk0030,Zoom,,,2026-08-03
in00693,wk0031,Zoom Workplace (64-bit),,,2026-08-19
in00694,wk0032,Zoom Workplace (64-bit),,,2026-08-11
in00695,wk0033,Zoom Workplace (64-bit),,,2026-09-22
in00696,wk0034,Zoom,,,2026-09-23
in00697,wk0035,Zoom,,,2026-09-22
in00698,wk0036,Zoom Workplace (64-bit),,,2026-09-25
in00699,wk0037,Zoom,,,2026-09-02
in00700,wk0038,Zoom,,,2026-09-26
in00701,wk0039,Zoom,,,2026-09-10
in00702,wk0040,Zoom,,,2026-08-06
in00703,wk0041,Zoom Workplace (64-bit),,,2026-08-05
in00704,wk0042,Zoom Workplace (64-bit),,,2026-08-25
in00705,wk0043,Zoom Workplace (64-bit),,,2026-09-19
in00706,wk0044,Zoom Workplace (64-bit),,,2026-09-29
in00707,wk0045,Zoom Workplace (64-bit),,,2026-08-30
in00708,wk0046,Zoom,,,2026-08-26
in00709,wk0047,Zoom Workplace (64-bit),,,2026-08-18
in00710,wk0048,Zoom Workplace (64-bit),,,2026-08-16
in00711,wk0049,Zoom,,,2026-09-28
in00712,wk0050,Zoom Workplace (64-bit),,,2026-09-27
in00713,wk0051,Zoom,,,2026-09-24
in00714,wk0052,Zoom,,,2026-09-23
in00715,wk0053,Zoom Workplace (64-bit),,,2026-10-01
in00716,wk0054,Zoom Workplace (64-bit),,,2026-09-17
in00717,wk0055,Zoom Workplace (64-bit),,,2026-08-22
in00718,wk0056,Zoom,,,2026-08-29
in00719,wk0057,Zoom,,,2026-08-09
in00720,wk0058,Zoom Workplace (64-bit),,,2026-08-04
in00721,wk0059,Zoom Workplace (64-bit),,,2026-09-09
in00722,wk0060,Zoom Workplace (64-bit),,,2026-08-08
in00723,wk0061,Zoom Workplace (64-bit),,,2026-08-16
in00724,wk0062,Zoom Workplace (64-bit),,,2026-09-14
in00725,wk0063,Zoom,,,2026-10-01
in00726,wk0064,Zoom Workplace (64-bit),,,2026-09-14
in00727,wk0065,Zoom Workplace (64-bit),,,2026-09-29
in00728,wk0066,Zoom Workplace (64-bit),,,2026-08-30
in00729,wk0067,Zoom,,,2026-09-05
in00730,wk0068,Zoom Workplace (64-bit),,,2026-09-14
in00731,wk0069,Zoom Workplace (64-bit),,,2026-09-11
in00732,wk0070,Zoom,,,2026-08-21
in00733,wk0071,Zoom,,,2026-08-28
in00734,wk0072,Zoom,,,2026-08-27
in00735,wk0073,Zoom,,,2026-08-18
in00736,wk0074,Zoom,,,2026-08-07
in00737,wk0075,Zoom,,,2026-09-06
in00738,wk0076,Zoom,,,2026-09-11
in00739,wk0077,Zoom Workplace (64-bit),,,2026-09-07
in00740,wk0078,Zoom,,,2026-09-07
in00741,wk0079,Zoom,,,2026-08-06
in00742,wk0080,Zoom Workplace (64-bit),,,2026-08-11
in00743,wk0081,Zoom Workplace (64-bit),,,2026-08-05
in00744,wk0082,Zoom,,,2026-09-16
in00745,wk0083,Zoom,,,2026-08-18
in00746,wk0084,Zoom Workplace (64-bit),,,2026-09-16
in00747,wk0085,Zoom Workplace (64-bit),,,2026-08-20
in00748,wk0086,Zoom Workplace (64-bit),,,2026-09-26
in00749,wk0087,Zoom Workplace (64-bit),,,2026-08-04
in00750,wk0088,Zoom,,,2026-09-06
in00751,wk0089,Zoom,,,2026-08-19
in00752,wk0090,Zoom,,,2026-08-27
in00753,wk0091,Zoom Workplace (64-bit),,,2026-09-02
in00754,wk0092,Zoom,,,2026-09-01
in00755,wk0093,Zoom,,,2026-08-30
in00756,wk0094,Zoom,,,2026-08-25
in00757,wk0095,Zoom,,,2026-09-16
in00758,wk0096,Zoom Workplace (64-bit),,,2026-09-09
in00759,wk0097,Zoom,,,2026-09-06
in00760,wk0098,Zoom,,,2026-08-23
in00761,wk0099,Zoom Workplace (64-bit),,,2026-09-27
in00762,wk0100,Zoom,,,2026-08-03
in00763,wk0101,Zoom,,,2026-09-15
in00764,wk0102,Zoom,,,2026-08-08
in00765,wk0103,Zoom,,,2026-08-29
in00766,wk0104,Zoom Workplace (64-bit),,,2026-08-26
in00767,wk0105,Zoom Workplace (64-bit),,,2026-09-22
in00768,wk0106,Zoom,,,2026-08-03
in00769,wk0107,Zoom Workplace (64-bit),,,2026-08-29
in00770,wk0108,Zoom Workplace (64-bit),,,2026-08-29
in00771,wk0109,Zoom,,,2026-08-10
in00772,wk0110,Zoom Workplace (64-bit),,,2026-09-16
in00773,wk0111,Zoom,,,2026-09-22
in00774,wk0112,Zoom Workplace (64-bit),,,2026-09-20
in00775,wk0113,Zoom,,,2026-09-11
in00776,wk0114,Zoom,,,2026-09-08
in00777,wk0115,Zoom,,,2026-09-24
in00778,wk0116,Zoom,,,2026-09-22
in00779,wk0117,Zoom Workplace (64-bit),,,2026-09-07
in00780,wk0118,Zoom,,,2026-09-08
in00781,wk0119,Zoom,,,2026-08-20
in00782,wk0120,Zoom Workplace (64-bit),,,2026-09-03
in00783,wk0121,Zoom,,,2026-09-14
in00784,wk0122,Zoom,,,2026-09-13
in00785,wk0123,Zoom Workplace (64-bit),,,2026-08-18
in00786,wk0124,Zoom,,,2026-09-03
in00787,wk0125,Zoom Workplace (64-bit),,,2026-08-16
in00788,wk0126,Zoom Workplace (64-bit),,,2026-08-14
in00789,wk0127,Zoom Workplace (64-bit),,,2026-10-01
in00790,wk0128,Zoom,,,2026-09-08
in00791,wk0129,Zoom Workplace (64-bit),,,2026-08-29
in00792,wk0130,Zoom,,,2026-08-23
in00793,wk0131,Zoom,,,2026-08-29
in00794,wk0132,Zoom,,,2026-08-11
in00795,wk0133,Zoom Workplace (64-bit),,,2026-09-15
in00796,wk0134,Zoom Workplace (64-bit),,,2026-08-27
in00797,wk0135,Zoom,,,2026-10-01
in00798,wk0136,Zoom Workplace (64-bit),,,2026-09-28
in00799,wk0137,Zoom,,,2026-09-12
in00800,wk0138,Zoom,,,2026-08-04
in00801,wk0139,Zoom Workplace (64-bit),,,2026-09-15
in00802,wk0140,Zoom,,,2026-09-15
in00803,wk0141,Zoom,,,2026-09-26
in00804,wk0142,Zoom Workplace (64-bit),,,2026-08-08
in00805,wk0143,Zoom Workplace (64-bit),,,2026-09-19
in00806,wk0144,Zoom,,,2026-09-04
in00807,wk0145,Zoom,,,2026-08-23
in00808,wk0146,Zoom Workplace (64-bit),,,2026-08-04
in00809,wk0147,Zoom,,,2026-08-17
in00810,wk0148,Zoom,,,2026-09-07
in00811,wk0149,Zoom,,,2026-09-29
in00812,wk0150,Zoom,,,2026-09-05
in00813,wk0151,Zoom,,,2026-08-21
in00814,wk0152,Zoom Workplace (64-bit),,,2026-09-09
in00815,wk0153,Zoom Workplace (64-bit),,,2026-09-07
in00816,wk0154,Zoom Workplace (64-bit),,,2026-08-03
in00817,wk0155,Zoom,,,2026-08-08
in00818,wk0156,Zoom Workplace (64-bit),,,2026-09-27
in00819,wk0157,Zoom Workplace (64-bit),,,2026-09-10
in00820,wk0158,Zoom,,,2026-09-26
in00821,wk0159,Zoom,,,2026-09-07
in00822,wk0160,Zoom,,,2026-08-29
in00823,wk0161,Zoom Workplace (64-bit),,,2026-08-31
in00824,wk0162,Zoom,,,2026-09-25
in00825,wk0163,Zoom,,,2026-08-03
in00826,wk0164,Zoom,,,2026-08-18
in00827,wk0165,Zoom,,,2026-09-05
in00828,wk0166,Zoom Workplace (64-bit),,,2026-09-20
in00829,wk0167,Zoom,,,2026-09-03
in00830,wk0168,Zoom Workplace (64-bit),,,2026-08-31
in00831,wk0169,Zoom Workplace (64-bit),,,2026-08-30
in00832,wk0170,Zoom Workplace (64-bit),,,2026-08-20
in00833,wk0171,Zoom Workplace (64-bit),,,2026-08-15
in00834,wk0172,Zoom Workplace (64-bit),,,2026-09-06
in00835,wk0173,Zoom,,,2026-08-03
in00836,wk0174,Zoom,,,2026-08-27
in00837,wk0175,Zoom,,,2026-08-13
in00838,wk0176,Zoom,,,2026-08-13
in00839,wk0177,Zoom Workplace (64-bit),,,2026-09-24
in00840,wk0178,Zoom Workplace (64-bit),,,2026-09-17
in00841,wk0179,Zoom Workplace (64-bit),,,2026-08-26
in00842,wk0180,Zoom,,,2026-09-25
in00843,wk0181,Zoom Workplace (64-bit),,,2026-09-26
in00844,wk0182,Zoom,,,2026-08-26
in00845,wk0183,Zoom Workplace (64-bit),,,2026-09-28
in00846,wk0184,Zoom,,,2026-08-17
in00847,wk0185,Zoom Workplace (64-bit),,,2026-09-01
in00848,wk0186,Zoom,,,2026-08-27
in00849,wk0187,Zoom Workplace (64-bit),,,2026-08-09
in00850,wk0188,Zoom Workplace (64-bit),,,2026-09-05
in00851,wk0189,Zoom Workplace (64-bit),,,2026-08-07
in00852,wk0190,Zoom,,,2026-09-11
in00853,wk0191,Zoom Workplace (64-bit),,,2026-09-19
in00854,wk0192,Zoom,,,2026-09-20
in00855,wk0193,Zoom,,,2026-08-29
in00856,wk0194,Zoom,,,2026-09-26
in00857,wk0195,Zoom,,,2026-09-07
in00858,wk0196,Zoom,,,2026-08-20
in00859,wk0197,Zoom,,,2026-08-27
in00860,wk0198,Zoom,,,2026-08-30
in00861,wk0199,Zoom Workplace (64-bit),,,2026-08-19
in00862,wk0200,Zoom,,,2026-09-12
in00863,wk0201,Zoom,,,2026-09-16
in00864,wk0202,Zoom,,,2026-08-11
in00865,wk0203,Zoom,,,2026-08-08
in00866,wk0204,Zoom Workplace (64-bit),,,2026-09-12
in00867,wk0205,Zoom Workplace (64-bit),,,2026-09-23
in00868,wk0206,Zoom,,,2026-09-18
in00869,wk0207,Zoom,,,2026-08-03
in00870,wk0208,Zoom,,,2026-08-20
in00871,wk0209,Zoom Workplace (64-bit),,,2026-08-17
in00872,wk0210,Zoom,,,2026-09-08
in00873,wk0211,Zoom,,,2026-09-19
in00874,wk0212,Zoom Workplace (64-bit),,,2026-08-04
in00875,wk0213,Zoom,,,2026-08-16
in00876,wk0214,Zoom Workplace (64-bit),,,2026-10-01
in00877,wk0215,Zoom,,,2026-09-05
in00878,wk0216,Zoom,,,2026-09-29
in00879,wk0217,Zoom,,,2026-09-17
in00880,wk0218,Zoom Workplace (64-bit),,,2026-09-13
in00881,wk0219,Zoom Workplace (64-bit),,,2026-08-17
in00882,wk0220,Zoom,,,2026-08-11
in00883,wk0221,Zoom,,,2026-09-06
in00884,wk0222,Zoom Workplace (64-bit),,,2026-09-18
in00885,wk0223,Zoom Workplace (64-bit),,,2026-09-28
in00886,wk0224,Zoom Workplace (64-bit),,,2026-09-04
in00887,wk0225,Zoom Workplace (64-bit),,,2026-09-28
in00888,wk0226,Zoom Workplace (64-bit),,,2026-08-07
in00889,wk0227,Zoom,,,2026-08-10
in00890,wk0228,Zoom Workplace (64-bit),,,2026-09-20
in00891,wk0229,Zoom Workplace (64-bit),,,2026-08-03
in00892,wk0230,Zoom Workplace (64-bit),,,2026-08-31
in00893,wk0231,Zoom,,,2026-08-19
in00894,wk0232,Zoom Workplace (64-bit),,,2026-08-11
in00895,wk0233,Zoom Workplace (64-bit),,,2026-08-28
in00896,wk0234,Zoom Workplace (64-bit),,,2026-09-22
in00897,wk0235,Zoom Workplace (64-bit),,,2026-08-29
in00898,wk0236,Zoom Workplace (64-bit),,,2026-09-02
in00899,wk0237,Zoom Workplace (64-bit),,,2026-09-19
in00900,wk0238,Zoom Workplace (64-bit),,,2026-08-02
in00901,wk0239,Zoom Workplace (64-bit),,,2026-09-05
in00902,wk0240,Zoom,,,2026-08-20
in00903,wk0241,Zoom,,,2026-08-17
in00904,wk0242,Zoom,,,2026-08-19
in00905,wk0243,Zoom Workplace (64-bit),,,2026-09-22
in00906,wk0244,Zoom Workplace (64-bit),,,2026-08-03
in00907,wk0245,Zoom Workplace (64-bit),,,2026-09-29
in00908,wk0246,Zoom,,,2026-08-09
in00909,wk0247,Zoom Workplace (64-bit),,,2026-09-13
in00910,wk0248,Zoom,,,2026-08-07
in00911,wk0249,Zoom Workplace (64-bit),,,2026-08-17
in00912,wk0250,Zoom,,,2026-09-12
in00913,wk0251,Zoom Workplace (64-bit),,,2026-09-11
in00914,wk0252,Zoom Workplace (64-bit),,,2026-09-22
in00915,wk0253,Zoom Workplace (64-bit),,,2026-09-06
in00916,wk0254,Zoom,,,2026-09-11
in00917,wk0255,Zoom,,,2026-09-22
in00918,wk0256,Zoom Workplace (64-bit),,,2026-09-17
in00919,wk0257,Zoom,,,2026-09-19
in00920,wk0258,Zoom Workplace (64-bit),,,2026-09-22
in00921,wk0259,Zoom,,,2026-09-04
in00922,wk0260,Zoom,,,2026-08-19
in00923,wk0261,Zoom Workplace (64-bit),,,2026-09-24
in00924,wk0262,Zoom,,,2026-08-09
in00925,wk0263,Zoom Workplace (64-bit),,,2026-09-24
in00926,wk0264,Zoom Workplace (64-bit),,,2026-08-21
in00927,wk0265,Zoom,,,2026-09-13
in00928,wk0266,Zoom Workplace (64-bit),,,2026-09-09
in00929,wk0267,Zoom,,,2026-08-14
in00930,wk0268,Zoom Workplace (64-bit),,,2026-08-06
in00931,wk0269,Zoom,,,2026-09-19
in00932,wk0270,Zoom,,,2026-09-14
in00933,wk0271,Zoom Workplace (64-bit),,,2026-08-24
in00934,wk0272,Zoom Workplace (64-bit),,,2026-09-19
in00935,wk0273,Zoom,,,2026-09-01
in00936,wk0274,Zoom Workplace (64-bit),,,2026-08-13
in00937,wk0275,Zoom,,,2026-08-25
in00938,wk0276,Zoom Workplace (64-bit),,,2026-09-29
in00939,wk0277,Zoom,,,2026-10-01
in00940,wk0278,Zoom Workplace (64-bit),,,2026-09-19
in00941,wk0279,Zoom,,,2026-08-20
in00942,wk0280,Zoom Workplace (64-bit),,,2026-09-28
in00943,wk0281,Zoom,,,2026-09-10
in00944,wk0282,Zoom,,,2026-09-03
in00945,wk0283,Zoom,,,2026-09-16
in00946,wk0284,Zoom,,,2026-08-15
in00947,wk0285,Zoom Workplace (64-bit),,,2026-09-20
in00948,wk0286,Zoom,,,2026-08-12
in00949,wk0287,Zoom Workplace (64-bit),,,2026-08-11
in00950,wk0288,Zoom,,,2026-08-16
in00951,wk0289,Zoom Workplace (64-bit),,,2026-09-25
in00952,wk0290,Zoom Workplace (64-bit),,,2026-08-12
in00953,wk0291,Zoom,,,2026-08-24
in00954,wk0292,Zoom Workplace (64-bit),,,2026-09-02
in00955,wk0293,Zoom Workplace (64-bit),,,2026-09-29
in00956,wk0294,Zoom Workplace (64-bit),,,2026-08-30
in00957,wk0295,Zoom Workplace (64-bit),,,2026-09-05
in00958,wk0296,Zoom,,,2026-09-05
in00959,wk0297,Zoom,,,2026-09-27
in00960,wk0298,Zoom Workplace (64-bit),,,2026-08-16
in00961,wk0299,Zoom Workplace (64-bit),,,2026-09-08
in00962,wk0300,Zoom Workplace (64-bit),,,2026-08-20
in00963,wk0301,Zoom Workplace (64-bit),,,2026-09-10
in00964,wk0302,Zoom,,,2026-08-09
in00965,wk0303,Zoom Workplace (64-bit),,,2026-09-12
in00966,wk0304,Zoom Workplace (64-bit),,,2026-09-15
in00967,wk0305,Zoom Workplace (64-bit),,,2026-09-25
in00968,wk0306,Zoom Workplace (64-bit),,,2026-09-24
in00969,wk0307,Zoom,,,2026-08-31
in00970,wk0308,Zoom Workplace (64-bit),,,2026-08-28
in00971,wk0309,Zoom,,,2026-09-11
in00972,wk0310,Zoom Workplace (64-bit),,,2026-09-16
in00973,wk0311,Zoom Workplace (64-bit),,,2026-08-26
in00974,wk0312,Zoom,,,2026-08-30
in00975,wk0313,Zoom Workplace (64-bit),,,2026-09-08
in00976,wk0314,Zoom,,,2026-09-13
in00977,wk0315,Zoom Workplace (64-bit),,,2026-08-27
in00978,wk0316,Zoom Workplace (64-bit),,,2026-09-23
in00979,wk0317,Zoom Workplace (64-bit),,,2026-08-16
in00980,wk0318,Zoom Workplace (64-bit),,,2026-08-06
in00981,wk0319,Zoom Workplace (64-bit),,,2026-10-01
in00982,wk0320,Zoom Workplace (64-bit),,,2026-08-02
in00983,wk0321,Zoom Workplace (64-bit),,,2026-08-31
in00984,wk0322,Zoom Workplace (64-bit),,,2026-08-18
in00985,wk0323,Zoom Workplace (64-bit),,,2026-09-26
in00986,wk0324,Zoom,,,2026-09-22
in00987,wk0325,Zoom,,,2026-09-30
in00988,wk0326,Zoom Workplace (64-bit),,,2026-09-06
in00989,wk0327,Zoom Workplace (64-bit),,,2026-09-13
in00990,wk0328,Zoom Workplace (64-bit),,,2026-09-26
in00991,wk0329,Zoom Workplace (64-bit),,,2026-09-17
in00992,wk0330,Zoom Workplace (64-bit),,,2026-08-24
in00993,wk0331,Zoom Workplace (64-bit),,,2026-08-10
in00994,wk0332,Zoom,,,2026-09-27
in00995,wk0333,Zoom Workplace (64-bit),,,2026-09-25
in00996,wk0334,Zoom Workplace (64-bit),,,2026-09-18
in00997,wk0335,Zoom,,,2026-08-10
in00998,wk0336,Zoom Workplace (64-bit),,,2026-09-10
in00999,wk0337,Zoom,,,2026-08-11
in01000,wk0338,Zoom Workplace (64-bit),,,2026-08-25
in01001,wk0339,Zoom,,,2026-10-01
in01002,wk0340,Zoom,,,2026-08-02
in01003,wk0341,Zoom,,,2026-08-12
in01004,wk0342,Zoom Workplace (64-bit),,,2026-09-29
in01005,wk0343,Zoom Workplace (64-bit),,,2026-08-12
in01006,wk0344,Zoom Workplace (64-bit),,,2026-09-22
in01007,wk0345,Zoom,,,2026-09-22
in01008,wk0346,Zoom Workplace (64-bit),,,2026-08-13
in01009,wk0347,Zoom Workplace (64-bit),,,2026-09-18
in01010,wk0348,Zoom Workplace (64-bit),,,2026-08-03
in01011,wk0349,Zoom,,,2026-08-19
in01012,wk0350,Zoom Workplace (64-bit),,,2026-08-17
in01013,wk0351,Zoom,,,2026-10-01
in01014,wk0352,Zoom,,,2026-09-29
in01015,wk0353,Zoom,,,2026-08-29
in01016,wk0354,Zoom Workplace (64-bit),,,2026-08-04
in01017,wk0355,Zoom Workplace (64-bit),,,2026-08-14
in01018,wk0356,Zoom Workplace (64-bit),,,2026-09-19
in01019,wk0357,Zoom,,,2026-08-08
in01020,wk0358,Zoom,,,2026-08-12
in01021,wk0359,Zoom,,,2026-09-26
in01022,wk0360,Zoom Workplace (64-bit),,,2026-08-25
in01023,wk0361,Zoom,,,2026-08-11
in01024,wk0362,Zoom,,,2026-08-19
in01025,wk0363,Zoom,,,2026-09-23
in01026,wk0364,Zoom,,,2026-08-09
in01027,wk0365,Zoom Workplace (64-bit),,,2026-08-05
in01028,wk0366,Zoom,,,2026-08-15
in01029,wk0367,Zoom Workplace (64-bit),,,2026-08-09
in01030,wk0368,Zoom,,,2026-09-04
in01031,wk0369,Zoom,,,2026-08-10
in01032,wk0370,Zoom Workplace (64-bit),,,2026-08-15
in01033,wk0371,Zoom,,,2026-09-27
in01034,wk0372,Zoom Workplace (64-bit),,,2026-08-14
in01035,wk0373,Zoom Workplace (64-bit),,,2026-09-16
in01036,wk0374,Zoom,,,2026-08-25
in01037,wk0375,Zoom Workplace (64-bit),,,2026-08-27
in01038,wk0376,Zoom,,,2026-08-06
in01039,wk0377,Zoom Workplace (64-bit),,,2026-08-26
in01040,wk0378,Zoom,,,2026-09-06
in01041,wk0379,Zoom,,,2026-08-12
in01042,wk0380,Zoom,,,2026-08-10
in01043,wk0381,Zoom Workplace (64-bit),,,2026-09-06
in01044,wk0382,Zoom,,,2026-09-17
in01045,wk0383,Zoom,,,2026-08-20
in01046,wk0384,Zoom,,,2026-08-12
in01047,wk0385,Zoom,,,2026-10-01
in01048,wk0386,Zoom Workplace (64-bit),,,2026-08-31
in01049,wk0387,Zoom Workplace (64-bit),,,2026-08-02
in01050,wk0388,Zoom,,,2026-08-06
in01051,wk0389,Zoom,,,2026-09-05
in01052,wk0390,Zoom,,,2026-08-24
in01053,wk0391,Zoom Workplace (64-bit),,,2026-09-02
in01054,wk0392,Zoom Workplace (64-bit),,,2026-09-10
in01055,wk0393,Zoom,,,2026-09-26
in01056,wk0394,Zoom,,,2026-09-06
in01057,wk0395,Zoom Workplace (64-bit),,,2026-08-23
in01058,wk0396,Zoom,,,2026-09-13
in01059,wk0397,Zoom,,,2026-09-26
in01060,wk0398,Zoom,,,2026-09-20
in01061,wk0399,Zoom Workplace (64-bit),,,2026-09-05
in01062,wk0400,Zoom Workplace (64-bit),,,2026-09-24
in01063,wk0401,Zoom Workplace (64-bit),,,2026-08-19
in01064,wk0402,Zoom Workplace (64-bit),,,2026-09-07
in01065,wk0403,Zoom,,,2026-09-07
in01066,wk0404,Zoom Workplace (64-bit),,,2026-09-10
in01067,wk0405,Zoom Workplace (64-bit),,,2026-09-08
in01068,wk0406,Zoom,,,2026-09-17
in01069,wk0407,Zoom,,,2026-08-06
in01070,wk0408,Zoom,,,2026-09-12
in01071,wk0409,Zoom Workplace (64-bit),,,2026-09-11
in01072,wk0410,Zoom Workplace (64-bit),,,2026-08-08
in01073,wk0411,Zoom Workplace (64-bit),,,2026-09-06
in01074,wk0412,Zoom Workplace (64-bit),,,2026-10-01
in01075,wk0413,Zoom Workplace (64-bit),,,2026-09-25
in01076,wk0414,Zoom,,,2026-09-02
in01077,wk0415,Zoom,,,2026-08-15
in01078,wk0416,Zoom Workplace (64-bit),,,2026-08-19
in01079,wk0417,Zoom,,,2026-08-27
in01080,wk0418,Zoom,,,2026-09-23
in01081,wk0419,Zoom,,,2026-08-20
in01082,wk0420,Zoom,,,2026-09-27
in01083,wk0421,Zoom,,,2026-09-03
in01084,wk0422,Zoom,,,2026-09-13
in01085,wk0423,Zoom,,,2026-09-12
in01086,wk0424,Zoom Workplace (64-bit),,,2026-08-02
in01087,wk0425,Zoom,,,2026-08-04
in01088,wk0426,Zoom,,,2026-08-31
in01089,wk0427,Zoom Workplace (64-bit),,,2026-08-18
in01090,wk0428,Zoom Workplace (64-bit),,,2026-09-28
in01091,wk0429,Zoom,,,2026-08-27
in01092,wk0430,Zoom,,,2026-09-03
in01093,wk0431,Zoom Workplace (64-bit),,,2026-08-14
in01094,wk0432,Zoom,,,2026-08-16
in01095,wk0433,Zoom,,,2026-09-29
in01096,wk0434,Zoom Workplace (64-bit),,,2026-09-01
in01097,wk0435,Zoom,,,2026-10-01
in01098,wk0436,Zoom Workplace (64-bit),,,2026-09-22
in01099,wk0437,Zoom Workplace (64-bit),,,2026-08-25
in01100,wk0438,Zoom Workplace (64-bit),,,2026-09-06
in01101,wk0439,Zoom,,,2026-08-15
in01102,wk0440,Zoom Workplace (64-bit),,,2026-08-22
in01103,wk0441,Zoom Workplace (64-bit),,,2026-09-13
in01104,wk0442,Zoom,,,2026-09-05
in01105,wk0443,Zoom Workplace (64-bit),,,2026-08-21
in01106,wk0444,Zoom,,,2026-08-11
in01107,wk0445,Zoom,,,2026-08-31
in01108,wk0446,Zoom,,,2026-08-18
in01109,wk0447,Zoom Workplace (64-bit),,,2026-09-11
in01110,wk0448,Zoom,,,2026-08-09
in01111,wk0449,Zoom Workplace (64-bit),,,2026-08-10
in01112,wk0450,Zoom,,,2026-08-12
in01113,wk0451,Zoom Workplace (64-bit),,,2026-08-05
in01114,wk0452,Zoom Workplace (64-bit),,,2026-09-19
in01115,wk0453,Zoom,,,2026-09-21
in01116,wk0454,Zoom Workplace (64-bit),,,2026-08-15
in01117,wk0455,Zoom,,,2026-08-19
in01118,wk0456,Zoom Workplace (64-bit),,,2026-08-04
in01119,wk0457,Zoom,,,2026-08-25
in01120,wk0458,Zoom,,,2026-09-07
in01121,wk0459,Zoom Workplace (64-bit),,,2026-08-18
in01122,wk0460,Zoom,,,2026-09-14
in01123,wk0461,Zoom,,,2026-08-05
in01124,wk0462,Zoom,,,2026-09-19
in01125,wk0463,Zoom,,,2026-08-03
in01126,wk0464,Zoom Workplace (64-bit),,,2026-09-06
in01127,wk0465,Zoom,,,2026-08-19
in01128,wk0466,Zoom,,,2026-09-08
in01129,wk0467,Zoom,,,2026-09-11
in01130,wk0468,Zoom,,,2026-08-12
in01131,wk0469,Zoom Workplace (64-bit),,,2026-09-14
in01132,wk0470,Zoom,,,2026-09-18
in01133,wk0471,Zoom,,,2026-08-30
in01134,wk0472,Zoom Workplace (64-bit),,,2026-08-22
in01135,wk0473,Zoom,,,2026-08-13
in01136,wk0474,Zoom Workplace (64-bit),,,2026-09-29
in01137,wk0475,Zoom,,,2026-09-14
in01138,wk0476,Zoom,,,2026-08-20
in01139,wk0477,Zoom Workplace (64-bit),,,2026-08-14
in01140,wk0478,Zoom,,,2026-09-14
in01141,wk0479,Zoom,,,2026-09-08
in01142,wk2000,Zoom,,,2026-08-29
in01143,wk2001,Zoom Workplace (64-bit),,,2026-08-08
in01144,wk2002,Zoom,,,2026-09-15
in01145,wk2003,Zoom Workplace (64-bit),,,2026-08-13
in01146,wk2004,Zoom,,,2026-09-29
in01147,wk2005,Zoom,,,2026-09-09
in01148,wk2006,Zoom Workplace (64-bit),,,2026-09-15
in01149,wk2007,Zoom Workplace (64-bit),,,2026-08-06
in01150,wk2008,Zoom Workplace (64-bit),,,2026-08-06
in01151,wk2009,Zoom,,,2026-08-14
in01152,wk2010,Zoom Workplace (64-bit),,,2026-08-09
in01153,wk2011,Zoom,,,2026-08-03
in01154,wk2012,Zoom Workplace (64-bit),,,2026-09-21
in01155,wk2013,Zoom Workplace (64-bit),,,2026-08-16
in01156,wk2014,Zoom,,,2026-08-13
in01157,wk2015,Zoom,,,2026-09-06
in01158,wk2016,Zoom,,,2026-09-06
in01159,wk2017,Zoom,,,2026-08-31
in01160,wk2018,Zoom Workplace (64-bit),,,2026-09-09
in01161,wk2019,Zoom Workplace (64-bit),,,2026-08-17
in01162,wk2020,Zoom,,,2026-08-28
in01163,wk2021,Zoom,,,2026-08-20
in01164,wk2022,Zoom Workplace (64-bit),,,2026-09-23
in01165,wk2023,Zoom Workplace (64-bit),,,2026-09-10
in01166,wk2024,Zoom,,,2026-08-03
in01167,wk2025,Zoom Workplace (64-bit),,,2026-09-27
in01168,wk2026,Zoom Workplace (64-bit),,,2026-08-08
in01169,wk2027,Zoom,,,2026-08-26
in01170,wk2028,Zoom Workplace (64-bit),,,2026-09-06
in01171,wk2029,Zoom,,,2026-08-26
in01172,wk2030,Zoom Workplace (64-bit),,,2026-08-12
in01173,wk2031,Zoom Workplace (64-bit),,,2026-09-22
in01174,wk2032,Zoom Workplace (64-bit),,,2026-08-20
in01175,wk2033,Zoom Workplace (64-bit),,,2026-08-30
in01176,wk2034,Zoom,,,2026-08-05
in01177,wk2035,Zoom Workplace (64-bit),,,2026-08-05
in01178,wk2036,Zoom,,,2026-08-15
in01179,wk2037,Zoom,,,2026-08-06
in01180,wk2038,Zoom,,,2026-09-23
in01181,wk2039,Zoom,,,2026-08-23
in01182,wk2040,Zoom Workplace (64-bit),,,2026-08-17
in01183,wk2041,Zoom,,,2026-08-13
in01184,wk2042,Zoom Workplace (64-bit),,,2026-08-24
in01185,wk2043,Zoom Workplace (64-bit),,,2026-08-05
in01186,wk2044,Zoom Workplace (64-bit),,,2026-09-12
in01187,wk2045,Zoom Workplace (64-bit),,,2026-09-08
in01188,wk2046,Zoom Workplace (64-bit),,,2026-09-08
in01189,wk2047,Zoom Workplace (64-bit),,,2026-08-18
in01190,wk2048,Zoom,,,2026-09-24
in01191,wk2049,Zoom Workplace (64-bit),,,2026-09-18
in01192,wk2050,Zoom Workplace (64-bit),,,2026-09-02
in01193,wk2051,Zoom,,,2026-09-03
in01194,wk2052,Zoom Workplace (64-bit),,,2026-08-30
in01195,wk2053,Zoom Workplace (64-bit),,,2026-09-03
in01196,wk2054,Zoom,,,2026-09-29
in01197,wk2055,Zoom,,,2026-09-24
in01198,wk2056,Zoom,,,2026-09-17
in01199,wk2057,Zoom,,,2026-08-22
in01200,wk2058,Zoom Workplace (64-bit),,,2026-09-10
in01201,wk2059,Zoom Workplace (64-bit),,,2026-09-18
in01202,ks000,Zoom Workplace (64-bit),,,2026-09-13
in01203,ks001,Zoom Workplace (64-bit),,,2026-09-17
in01204,ks002,Zoom,,,2026-09-30
in01205,ks003,Zoom,,,2026-09-04
in01206,ks004,Zoom,,,2026-09-27
in01207,ks005,Zoom Workplace (64-bit),,,2026-08-16
in01208,ks006,Zoom Workplace (64-bit),,,2026-08-25
in01209,ks007,Zoom,,,2026-09-06
in01210,ks008,Zoom,,,2026-08-30
in01211,ks009,Zoom Workplace (64-bit),,,2026-09-17
in01212,ks010,Zoom,,,2026-08-11
in01213,ks011,Zoom,,,2026-08-28
in01214,ks012,Zoom,,,2026-08-20
in01215,ks013,Zoom,,,2026-09-27
in01216,ks014,Zoom Workplace (64-bit),,,2026-08-26
in01217,ks015,Zoom,,,2026-09-04
in01218,ks016,Zoom,,,2026-08-19
in01219,ks017,Zoom,,,2026-09-19
in01220,ks018,Zoom Workplace (64-bit),,,2026-08-23
in01221,ks019,Zoom,,,2026-09-24
in01222,ks020,Zoom,,,2026-09-21
in01223,ks021,Zoom Workplace (64-bit),,,2026-08-14
in01224,ks022,Zoom Workplace (64-bit),,,2026-09-27
in01225,ks023,Zoom Workplace (64-bit),,,2026-09-03
in01226,ks024,Zoom Workplace (64-bit),,,2026-08-12
in01227,wk0000,Google Chrome,,,2026-08-13
in01228,wk0001,Google Chrome,,,2026-09-19
in01229,wk0002,Google Chrome,,,2026-08-15
in01230,wk0003,Google Chrome,,,2026-08-04
in01231,wk0004,Google Chrome,,,2026-09-27
in01232,wk0005,Google Chrome,,,2026-09-18
in01233,wk0006,Google Chrome,,,2026-10-01
in01234,wk0007,Google Chrome,,,2026-08-27
in01235,wk0008,Google Chrome,,,2026-08-22
in01236,wk0009,Google Chrome,,,2026-08-26
in01237,wk0010,Google Chrome,,,2026-09-09
in01238,wk0011,Google Chrome,,,2026-09-25
in01239,wk0012,Google Chrome,,,2026-08-15
in01240,wk0013,Google Chrome,,,2026-08-18
in01241,wk0014,Google Chrome,,,2026-09-05
in01242,wk0015,Google Chrome,,,2026-08-11
in01243,wk0016,Google Chrome,,,2026-08-13
in01244,wk0017,Google Chrome,,,2026-09-10
in01245,wk0018,Google Chrome,,,2026-08-08
in01246,wk0019,Google Chrome,,,2026-09-08
in01247,wk0020,Google Chrome,,,2026-08-31
in01248,wk0021,Google Chrome,,,2026-08-04
in01249,wk0022,Google Chrome,,,2026-08-12
in01250,wk0023,Google Chrome,,,2026-09-01
in01251,wk0024,Google Chrome,,,2026-08-08
in01252,wk0025,Google Chrome,,,2026-08-29
in01253,wk0026,Google Chrome,,,2026-08-30
in01254,wk0027,Google Chrome,,,2026-09-18
in01255,wk0028,Google Chrome,,,2026-09-15
in01256,wk0029,Google Chrome,,,2026-08-02
in01257,wk0030,Google Chrome,,,2026-08-17
in01258,wk0031,Google Chrome,,,2026-08-02
in01259,wk0032,Google Chrome,,,2026-08-13
in01260,wk0033,Google Chrome,,,2026-09-21
in01261,wk0034,Google Chrome,,,2026-09-23
in01262,wk0035,Google Chrome,,,2026-10-01
in01263,wk0036,Google Chrome,,,2026-09-18
in01264,wk0037,Google Chrome,,,2026-09-30
in01265,wk0038,Google Chrome,,,2026-08-10
in01266,wk0039,Google Chrome,,,2026-09-02
in01267,wk0040,Google Chrome,,,2026-09-18
in01268,wk0041,Google Chrome,,,2026-08-08
in01269,wk0042,Google Chrome,,,2026-09-10
in01270,wk0043,Google Chrome,,,2026-08-31
in01271,wk0044,Google Chrome,,,2026-10-01
in01272,wk0045,Google Chrome,,,2026-09-18
in01273,wk0046,Google Chrome,,,2026-09-07
in01274,wk0047,Google Chrome,,,2026-09-25
in01275,wk0048,Google Chrome,,,2026-08-02
in01276,wk0049,Google Chrome,,,2026-09-03
in01277,wk0050,Google Chrome,,,2026-08-26
in01278,wk0051,Google Chrome,,,2026-08-14
in01279,wk0052,Google Chrome,,,2026-08-26
in01280,wk0053,Google Chrome,,,2026-08-07
in01281,wk0054,Google Chrome,,,2026-09-21
in01282,wk0055,Google Chrome,,,2026-08-21
in01283,wk0056,Google Chrome,,,2026-08-17
in01284,wk0057,Google Chrome,,,2026-08-18
in01285,wk0058,Google Chrome,,,2026-08-24
in01286,wk0059,Google Chrome,,,2026-09-24
in01287,wk0060,Google Chrome,,,2026-08-24
in01288,wk0061,Google Chrome,,,2026-09-27
in01289,wk0062,Google Chrome,,,2026-08-11
in01290,wk0063,Google Chrome,,,2026-10-01
in01291,wk0064,Google Chrome,,,2026-08-26
in01292,wk0065,Google Chrome,,,2026-08-22
in01293,wk0066,Google Chrome,,,2026-09-16
in01294,wk0067,Google Chrome,,,2026-08-04
in01295,wk0068,Google Chrome,,,2026-08-11
in01296,wk0069,Google Chrome,,,2026-09-29
in01297,wk0070,Google Chrome,,,2026-09-28
in01298,wk0071,Google Chrome,,,2026-09-16
in01299,wk0072,Google Chrome,,,2026-08-13
in01300,wk0073,Google Chrome,,,2026-08-03
in01301,wk0074,Google Chrome,,,2026-09-15
in01302,wk0075,Google Chrome,,,2026-09-22
in01303,wk0076,Google Chrome,,,2026-09-30
in01304,wk0077,Google Chrome,,,2026-08-14
in01305,wk0078,Google Chrome,,,2026-08-14
in01306,wk0079,Google Chrome,,,2026-09-20
in01307,wk0080,Google Chrome,,,2026-08-11
in01308,wk0081,Google Chrome,,,2026-08-23
in01309,wk0082,Google Chrome,,,2026-09-25
in01310,wk0083,Google Chrome,,,2026-08-04
in01311,wk0084,Google Chrome,,,2026-09-27
in01312,wk0085,Google Chrome,,,2026-08-27
in01313,wk0086,Google Chrome,,,2026-08-30
in01314,wk0087,Google Chrome,,,2026-08-17
in01315,wk0088,Google Chrome,,,2026-08-20
in01316,wk0089,Google Chrome,,,2026-09-02
in01317,wk0090,Google Chrome,,,2026-08-20
in01318,wk0091,Google Chrome,,,2026-08-27
in01319,wk0092,Google Chrome,,,2026-09-30
in01320,wk0093,Google Chrome,,,2026-08-09
in01321,wk0094,Google Chrome,,,2026-09-18
in01322,wk0095,Google Chrome,,,2026-08-17
in01323,wk0096,Google Chrome,,,2026-08-20
in01324,wk0097,Google Chrome,,,2026-09-24
in01325,wk0098,Google Chrome,,,2026-08-28
in01326,wk0099,Google Chrome,,,2026-08-19
in01327,wk0100,Google Chrome,,,2026-09-26
in01328,wk0101,Google Chrome,,,2026-08-08
in01329,wk0102,Google Chrome,,,2026-09-26
in01330,wk0103,Google Chrome,,,2026-09-14
in01331,wk0104,Google Chrome,,,2026-09-12
in01332,wk0105,Google Chrome,,,2026-09-22
in01333,wk0106,Google Chrome,,,2026-08-24
in01334,wk0107,Google Chrome,,,2026-08-13
in01335,wk0108,Google Chrome,,,2026-10-01
in01336,wk0109,Google Chrome,,,2026-09-27
in01337,wk0110,Google Chrome,,,2026-09-24
in01338,wk0111,Google Chrome,,,2026-08-29
in01339,wk0112,Google Chrome,,,2026-09-02
in01340,wk0113,Google Chrome,,,2026-08-03
in01341,wk0114,Google Chrome,,,2026-08-04
in01342,wk0115,Google Chrome,,,2026-08-04
in01343,wk0116,Google Chrome,,,2026-08-09
in01344,wk0117,Google Chrome,,,2026-08-17
in01345,wk0118,Google Chrome,,,2026-08-20
in01346,wk0119,Google Chrome,,,2026-08-08
in01347,wk0120,Google Chrome,,,2026-08-11
in01348,wk0121,Google Chrome,,,2026-09-20
in01349,wk0122,Google Chrome,,,2026-09-03
in01350,wk0123,Google Chrome,,,2026-08-17
in01351,wk0124,Google Chrome,,,2026-09-15
in01352,wk0125,Google Chrome,,,2026-08-08
in01353,wk0126,Google Chrome,,,2026-09-30
in01354,wk0127,Google Chrome,,,2026-09-07
in01355,wk0128,Google Chrome,,,2026-09-21
in01356,wk0129,Google Chrome,,,2026-09-21
in01357,wk0130,Google Chrome,,,2026-08-14
in01358,wk0131,Google Chrome,,,2026-09-14
in01359,wk0132,Google Chrome,,,2026-10-01
in01360,wk0133,Google Chrome,,,2026-08-28
in01361,wk0134,Google Chrome,,,2026-09-10
in01362,wk0135,Google Chrome,,,2026-08-28
in01363,wk0136,Google Chrome,,,2026-08-04
in01364,wk0137,Google Chrome,,,2026-10-01
in01365,wk0138,Google Chrome,,,2026-08-06
in01366,wk0139,Google Chrome,,,2026-08-12
in01367,wk0140,Google Chrome,,,2026-08-28
in01368,wk0141,Google Chrome,,,2026-09-25
in01369,wk0142,Google Chrome,,,2026-08-10
in01370,wk0143,Google Chrome,,,2026-09-04
in01371,wk0144,Google Chrome,,,2026-09-08
in01372,wk0145,Google Chrome,,,2026-08-28
in01373,wk0146,Google Chrome,,,2026-09-02
in01374,wk0147,Google Chrome,,,2026-09-18
in01375,wk0148,Google Chrome,,,2026-08-21
in01376,wk0149,Google Chrome,,,2026-08-02
in01377,wk0150,Google Chrome,,,2026-08-03
in01378,wk0151,Google Chrome,,,2026-08-21
in01379,wk0152,Google Chrome,,,2026-09-18
in01380,wk0153,Google Chrome,,,2026-08-14
in01381,wk0154,Google Chrome,,,2026-08-17
in01382,wk0155,Google Chrome,,,2026-09-04
in01383,wk0156,Google Chrome,,,2026-08-02
in01384,wk0157,Google Chrome,,,2026-08-23
in01385,wk0158,Google Chrome,,,2026-08-23
in01386,wk0159,Google Chrome,,,2026-08-18
in01387,wk0160,Google Chrome,,,2026-08-14
in01388,wk0161,Google Chrome,,,2026-09-16
in01389,wk0162,Google Chrome,,,2026-09-15
in01390,wk0163,Google Chrome,,,2026-09-26
in01391,wk0164,Google Chrome,,,2026-08-21
in01392,wk0165,Google Chrome,,,2026-08-23
in01393,wk0166,Google Chrome,,,2026-08-21
in01394,wk0167,Google Chrome,,,2026-08-24
in01395,wk0168,Google Chrome,,,2026-08-18
in01396,wk0169,Google Chrome,,,2026-09-12
in01397,wk0170,Google Chrome,,,2026-09-27
in01398,wk0171,Google Chrome,,,2026-08-28
in01399,wk0172,Google Chrome,,,2026-09-27
in01400,wk0173,Google Chrome,,,2026-09-27
in01401,wk0174,Google Chrome,,,2026-08-27
in01402,wk0175,Google Chrome,,,2026-08-16
in01403,wk0176,Google Chrome,,,2026-08-21
in01404,wk0177,Google Chrome,,,2026-08-04
in01405,wk0178,Google Chrome,,,2026-09-20
in01406,wk0179,Google Chrome,,,2026-09-15
in01407,wk0180,Google Chrome,,,2026-09-06
in01408,wk0181,Google Chrome,,,2026-08-18
in01409,wk0182,Google Chrome,,,2026-09-03
in01410,wk0183,Google Chrome,,,2026-08-07
in01411,wk0184,Google Chrome,,,2026-09-10
in01412,wk0185,Google Chrome,,,2026-08-09
in01413,wk0186,Google Chrome,,,2026-09-30
in01414,wk0187,Google Chrome,,,2026-08-09
in01415,wk0188,Google Chrome,,,2026-09-25
in01416,wk0189,Google Chrome,,,2026-08-11
in01417,wk0190,Google Chrome,,,2026-08-20
in01418,wk0191,Google Chrome,,,2026-09-14
in01419,wk0192,Google Chrome,,,2026-08-08
in01420,wk0193,Google Chrome,,,2026-09-27
in01421,wk0194,Google Chrome,,,2026-09-21
in01422,wk0195,Google Chrome,,,2026-08-20
in01423,wk0196,Google Chrome,,,2026-09-20
in01424,wk0197,Google Chrome,,,2026-09-22
in01425,wk0198,Google Chrome,,,2026-09-25
in01426,wk0199,Google Chrome,,,2026-09-07
in01427,wk0200,Google Chrome,,,2026-08-21
in01428,wk0201,Google Chrome,,,2026-08-26
in01429,wk0202,Google Chrome,,,2026-09-28
in01430,wk0203,Google Chrome,,,2026-09-13
in01431,wk0204,Google Chrome,,,2026-09-14
in01432,wk0205,Google Chrome,,,2026-08-03
in01433,wk0206,Google Chrome,,,2026-09-08
in01434,wk0207,Google Chrome,,,2026-09-23
in01435,wk0208,Google Chrome,,,2026-08-12
in01436,wk0209,Google Chrome,,,2026-09-08
in01437,wk0210,Google Chrome,,,2026-09-21
in01438,wk0211,Google Chrome,,,2026-08-07
in01439,wk0212,Google Chrome,,,2026-08-04
in01440,wk0213,Google Chrome,,,2026-09-13
in01441,wk0214,Google Chrome,,,2026-08-03
in01442,wk0215,Google Chrome,,,2026-09-17
in01443,wk0216,Google Chrome,,,2026-08-06
in01444,wk0217,Google Chrome,,,2026-08-14
in01445,wk0218,Google Chrome,,,2026-08-08
in01446,wk0219,Google Chrome,,,2026-09-16
in01447,wk0220,Google Chrome,,,2026-09-15
in01448,wk0221,Google Chrome,,,2026-09-28
in01449,wk0222,Google Chrome,,,2026-08-20
in01450,wk0223,Google Chrome,,,2026-08-09
in01451,wk0224,Google Chrome,,,2026-09-16
in01452,wk0225,Google Chrome,,,2026-09-30
in01453,wk0226,Google Chrome,,,2026-09-03
in01454,wk0227,Google Chrome,,,2026-09-24
in01455,wk0228,Google Chrome,,,2026-09-02
in01456,wk0229,Google Chrome,,,2026-09-26
in01457,wk0230,Google Chrome,,,2026-09-24
in01458,wk0231,Google Chrome,,,2026-09-01
in01459,wk0232,Google Chrome,,,2026-08-04
in01460,wk0233,Google Chrome,,,2026-09-04
in01461,wk0234,Google Chrome,,,2026-09-28
in01462,wk0235,Google Chrome,,,2026-09-19
in01463,wk0236,Google Chrome,,,2026-09-14
in01464,wk0237,Google Chrome,,,2026-09-03
in01465,wk0238,Google Chrome,,,2026-09-16
in01466,wk0239,Google Chrome,,,2026-08-27
in01467,wk0240,Google Chrome,,,2026-09-27
in01468,wk0241,Google Chrome,,,2026-09-01
in01469,wk0242,Google Chrome,,,2026-08-26
in01470,wk0243,Google Chrome,,,2026-09-24
in01471,wk0244,Google Chrome,,,2026-08-02
in01472,wk0245,Google Chrome,,,2026-08-29
in01473,wk0246,Google Chrome,,,2026-09-16
in01474,wk0247,Google Chrome,,,2026-08-30
in01475,wk0248,Google Chrome,,,2026-09-18
in01476,wk0249,Google Chrome,,,2026-09-26
in01477,wk0250,Google Chrome,,,2026-09-15
in01478,wk0251,Google Chrome,,,2026-08-03
in01479,wk0252,Google Chrome,,,2026-08-12
in01480,wk0253,Google Chrome,,,2026-09-27
in01481,wk0254,Google Chrome,,,2026-08-22
in01482,wk0255,Google Chrome,,,2026-09-25
in01483,wk0256,Google Chrome,,,2026-09-14
in01484,wk0257,Google Chrome,,,2026-09-27
in01485,wk0258,Google Chrome,,,2026-08-17
in01486,wk0259,Google Chrome,,,2026-09-01
in01487,wk0260,Google Chrome,,,2026-09-20
in01488,wk0261,Google Chrome,,,2026-08-22
in01489,wk0262,Google Chrome,,,2026-08-21
in01490,wk0263,Google Chrome,,,2026-08-19
in01491,wk0264,Google Chrome,,,2026-08-28
in01492,wk0265,Google Chrome,,,2026-08-13
in01493,wk0266,Google Chrome,,,2026-08-20
in01494,wk0267,Google Chrome,,,2026-08-21
in01495,wk0268,Google Chrome,,,2026-09-22
in01496,wk0269,Google Chrome,,,2026-08-11
in01497,wk0270,Google Chrome,,,2026-08-15
in01498,wk0271,Google Chrome,,,2026-08-08
in01499,wk0272,Google Chrome,,,2026-08-20
in01500,wk0273,Google Chrome,,,2026-08-18
in01501,wk0274,Google Chrome,,,2026-09-30
in01502,wk0275,Google Chrome,,,2026-08-05
in01503,wk0276,Google Chrome,,,2026-09-03
in01504,wk0277,Google Chrome,,,2026-08-08
in01505,wk0278,Google Chrome,,,2026-09-13
in01506,wk0279,Google Chrome,,,2026-09-23
in01507,wk0280,Google Chrome,,,2026-09-12
in01508,wk0281,Google Chrome,,,2026-08-25
in01509,wk0282,Google Chrome,,,2026-08-02
in01510,wk0283,Google Chrome,,,2026-09-06
in01511,wk0284,Google Chrome,,,2026-08-19
in01512,wk0285,Google Chrome,,,2026-10-01
in01513,wk0286,Google Chrome,,,2026-08-02
in01514,wk0287,Google Chrome,,,2026-09-17
in01515,wk0288,Google Chrome,,,2026-09-01
in01516,wk0289,Google Chrome,,,2026-08-30
in01517,wk0290,Google Chrome,,,2026-08-19
in01518,wk0291,Google Chrome,,,2026-08-23
in01519,wk0292,Google Chrome,,,2026-09-19
in01520,wk0293,Google Chrome,,,2026-09-19
in01521,wk0294,Google Chrome,,,2026-08-12
in01522,wk0295,Google Chrome,,,2026-09-14
in01523,wk0296,Google Chrome,,,2026-08-14
in01524,wk0297,Google Chrome,,,2026-09-29
in01525,wk0298,Google Chrome,,,2026-09-20
in01526,wk0299,Google Chrome,,,2026-09-05
in01527,wk0300,Google Chrome,,,2026-08-26
in01528,wk0301,Google Chrome,,,2026-08-13
in01529,wk0302,Google Chrome,,,2026-09-16
in01530,wk0303,Google Chrome,,,2026-09-22
in01531,wk0304,Google Chrome,,,2026-08-24
in01532,wk0305,Google Chrome,,,2026-09-01
in01533,wk0306,Google Chrome,,,2026-09-23
in01534,wk0307,Google Chrome,,,2026-09-16
in01535,wk0308,Google Chrome,,,2026-09-14
in01536,wk0309,Google Chrome,,,2026-09-22
in01537,wk0310,Google Chrome,,,2026-08-29
in01538,wk0311,Google Chrome,,,2026-08-25
in01539,wk0312,Google Chrome,,,2026-08-06
in01540,wk0313,Google Chrome,,,2026-09-21
in01541,wk0314,Google Chrome,,,2026-09-04
in01542,wk0315,Google Chrome,,,2026-09-26
in01543,wk0316,Google Chrome,,,2026-08-12
in01544,wk0317,Google Chrome,,,2026-09-15
in01545,wk0318,Google Chrome,,,2026-08-07
in01546,wk0319,Google Chrome,,,2026-08-15
in01547,wk0320,Google Chrome,,,2026-08-02
in01548,wk0321,Google Chrome,,,2026-09-25
in01549,wk0322,Google Chrome,,,2026-09-04
in01550,wk0323,Google Chrome,,,2026-09-30
in01551,wk0324,Google Chrome,,,2026-09-27
in01552,wk0325,Google Chrome,,,2026-08-14
in01553,wk0326,Google Chrome,,,2026-08-07
in01554,wk0327,Google Chrome,,,2026-09-05
in01555,wk0328,Google Chrome,,,2026-08-29
in01556,wk0329,Google Chrome,,,2026-08-08
in01557,wk0330,Google Chrome,,,2026-08-11
in01558,wk0331,Google Chrome,,,2026-09-03
in01559,wk0332,Google Chrome,,,2026-08-31
in01560,wk0333,Google Chrome,,,2026-08-05
in01561,wk0334,Google Chrome,,,2026-09-04
in01562,wk0335,Google Chrome,,,2026-08-25
in01563,wk0336,Google Chrome,,,2026-08-26
in01564,wk0337,Google Chrome,,,2026-09-20
in01565,wk0338,Google Chrome,,,2026-08-21
in01566,wk0339,Google Chrome,,,2026-09-05
in01567,wk0340,Google Chrome,,,2026-08-29
in01568,wk0341,Google Chrome,,,2026-08-19
in01569,wk0342,Google Chrome,,,2026-08-18
in01570,wk0343,Google Chrome,,,2026-08-23
in01571,wk0344,Google Chrome,,,2026-09-18
in01572,wk0345,Google Chrome,,,2026-08-11
in01573,wk0346,Google Chrome,,,2026-09-03
in01574,wk0347,Google Chrome,,,2026-09-10
in01575,wk0348,Google Chrome,,,2026-09-02
in01576,wk0349,Google Chrome,,,2026-08-12
in01577,wk0350,Google Chrome,,,2026-09-04
in01578,wk0351,Google Chrome,,,2026-09-18
in01579,wk0352,Google Chrome,,,2026-09-06
in01580,wk0353,Google Chrome,,,2026-08-05
in01581,wk0354,Google Chrome,,,2026-09-08
in01582,wk0355,Google Chrome,,,2026-09-07
in01583,wk0356,Google Chrome,,,2026-08-13
in01584,wk0357,Google Chrome,,,2026-09-23
in01585,wk0358,Google Chrome,,,2026-08-22
in01586,wk0359,Google Chrome,,,2026-08-06
in01587,wk0360,Google Chrome,,,2026-09-24
in01588,wk0361,Google Chrome,,,2026-08-30
in01589,wk0362,Google Chrome,,,2026-08-06
in01590,wk0363,Google Chrome,,,2026-08-23
in01591,wk0364,Google Chrome,,,2026-08-21
in01592,wk0365,Google Chrome,,,2026-09-01
in01593,wk0366,Google Chrome,,,2026-08-02
in01594,wk0367,Google Chrome,,,2026-08-26
in01595,wk0368,Google Chrome,,,2026-09-09
in01596,wk0369,Google Chrome,,,2026-09-11
in01597,wk0370,Google Chrome,,,2026-08-11
in01598,wk0371,Google Chrome,,,2026-08-18
in01599,wk0372,Google Chrome,,,2026-08-19
in01600,wk0373,Google Chrome,,,2026-09-06
in01601,wk0374,Google Chrome,,,2026-09-24
in01602,wk0375,Google Chrome,,,2026-08-09
in01603,wk0376,Google Chrome,,,2026-08-22
in01604,wk0377,Google Chrome,,,2026-08-17
in01605,wk0378,Google Chrome,,,2026-09-08
in01606,wk0379,Google Chrome,,,2026-08-21
in01607,wk0380,Google Chrome,,,2026-09-21
in01608,wk0381,Google Chrome,,,2026-08-24
in01609,wk0382,Google Chrome,,,2026-08-08
in01610,wk0383,Google Chrome,,,2026-09-19
in01611,wk0384,Google Chrome,,,2026-08-24
in01612,wk0385,Google Chrome,,,2026-08-16
in01613,wk0386,Google Chrome,,,2026-09-30
in01614,wk0387,Google Chrome,,,2026-08-11
in01615,wk0388,Google Chrome,,,2026-08-09
in01616,wk0389,Google Chrome,,,2026-09-26
in01617,wk0390,Google Chrome,,,2026-10-01
in01618,wk0391,Google Chrome,,,2026-09-17
in01619,wk0392,Google Chrome,,,2026-09-15
in01620,wk0393,Google Chrome,,,2026-09-30
in01621,wk0394,Google Chrome,,,2026-09-24
in01622,wk0395,Google Chrome,,,2026-08-03
in01623,wk0396,Google Chrome,,,2026-09-19
in01624,wk0397,Google Chrome,,,2026-09-01
in01625,wk0398,Google Chrome,,,2026-09-27
in01626,wk0399,Google Chrome,,,2026-09-11
in01627,wk0400,Google Chrome,,,2026-09-05
in01628,wk0401,Google Chrome,,,2026-08-07
in01629,wk0402,Google Chrome,,,2026-09-10
in01630,wk0403,Google Chrome,,,2026-08-03
in01631,wk0404,Google Chrome,,,2026-09-15
in01632,wk0405,Google Chrome,,,2026-09-15
in01633,wk0406,Google Chrome,,,2026-09-27
in01634,wk0407,Google Chrome,,,2026-08-18
in01635,wk0408,Google Chrome,,,2026-09-23
in01636,wk0409,Google Chrome,,,2026-09-10
in01637,wk0410,Google Chrome,,,2026-09-22
in01638,wk0411,Google Chrome,,,2026-08-24
in01639,wk0412,Google Chrome,,,2026-08-14
in01640,wk0413,Google Chrome,,,2026-08-09
in01641,wk0414,Google Chrome,,,2026-09-07
in01642,wk0415,Google Chrome,,,2026-08-17
in01643,wk0416,Google Chrome,,,2026-09-17
in01644,wk0417,Google Chrome,,,2026-08-11
in01645,wk0418,Google Chrome,,,2026-08-11
in01646,wk0419,Google Chrome,,,2026-09-25
in01647,wk0420,Google Chrome,,,2026-08-25
in01648,wk0421,Google Chrome,,,2026-09-19
in01649,wk0422,Google Chrome,,,2026-08-11
in01650,wk0423,Google Chrome,,,2026-08-12
in01651,wk0424,Google Chrome,,,2026-08-23
in01652,wk0425,Google Chrome,,,2026-08-10
in01653,wk0426,Google Chrome,,,2026-08-26
in01654,wk0427,Google Chrome,,,2026-09-23
in01655,wk0428,Google Chrome,,,2026-09-19
in01656,wk0429,Google Chrome,,,2026-09-25
in01657,wk0430,Google Chrome,,,2026-09-16
in01658,wk0431,Google Chrome,,,2026-08-30
in01659,wk0432,Google Chrome,,,2026-08-29
in01660,wk0433,Google Chrome,,,2026-08-16
in01661,wk0434,Google Chrome,,,2026-09-30
in01662,wk0435,Google Chrome,,,2026-08-16
in01663,wk0436,Google Chrome,,,2026-09-17
in01664,wk0437,Google Chrome,,,2026-09-18
in01665,wk0438,Google Chrome,,,2026-08-23
in01666,wk0439,Google Chrome,,,2026-08-05
in01667,wk0440,Google Chrome,,,2026-09-18
in01668,wk0441,Google Chrome,,,2026-08-20
in01669,wk0442,Google Chrome,,,2026-09-23
in01670,wk0443,Google Chrome,,,2026-09-28
in01671,wk0444,Google Chrome,,,2026-09-02
in01672,wk0445,Google Chrome,,,2026-08-10
in01673,wk0446,Google Chrome,,,2026-09-06
in01674,wk0447,Google Chrome,,,2026-08-29
in01675,wk0448,Google Chrome,,,2026-09-28
in01676,wk0449,Google Chrome,,,2026-09-26
in01677,wk0450,Google Chrome,,,2026-09-28
in01678,wk0451,Google Chrome,,,2026-08-30
in01679,wk0452,Google Chrome,,,2026-09-22
in01680,wk0453,Google Chrome,,,2026-08-03
in01681,wk0454,Google Chrome,,,2026-09-02
in01682,wk0455,Google Chrome,,,2026-09-19
in01683,wk0456,Google Chrome,,,2026-09-24
in01684,wk0457,Google Chrome,,,2026-08-19
in01685,wk0458,Google Chrome,,,2026-08-29
in01686,wk0459,Google Chrome,,,2026-08-13
in01687,wk0460,Google Chrome,,,2026-09-25
in01688,wk0461,Google Chrome,,,2026-08-23
in01689,wk0462,Google Chrome,,,2026-09-04
in01690,wk0463,Google Chrome,,,2026-09-27
in01691,wk0464,Google Chrome,,,2026-08-11
in01692,wk0465,Google Chrome,,,2026-09-03
in01693,wk0466,Google Chrome,,,2026-08-08
in01694,wk0467,Google Chrome,,,2026-08-02
in01695,wk0468,Google Chrome,,,2026-08-13
in01696,wk0469,Google Chrome,,,2026-08-28
in01697,wk0470,Google Chrome,,,2026-08-13
in01698,wk0471,Google Chrome,,,2026-08-23
in01699,wk0472,Google Chrome,,,2026-09-25
in01700,wk0473,Google Chrome,,,2026-09-26
in01701,wk0474,Google Chrome,,,2026-09-23
in01702,wk0475,Google Chrome,,,2026-08-08
in01703,wk0476,Google Chrome,,,2026-09-27
in01704,wk0477,Google Chrome,,,2026-08-19
in01705,wk0478,Google Chrome,,,2026-09-12
in01706,wk0479,Google Chrome,,,2026-08-08
in01707,wk2000,Google Chrome,,,2026-09-04
in01708,wk2001,Google Chrome,,,2026-09-22
in01709,wk2002,Google Chrome,,,2026-08-18
in01710,wk2003,Google Chrome,,,2026-08-17
in01711,wk2004,Google Chrome,,,2026-09-29
in01712,wk2005,Google Chrome,,,2026-08-04
in01713,wk2006,Google Chrome,,,2026-08-29
in01714,wk2007,Google Chrome,,,2026-08-18
in01715,wk2008,Google Chrome,,,2026-09-11
in01716,wk2009,Google Chrome,,,2026-08-10
in01717,wk2010,Google Chrome,,,2026-09-21
in01718,wk2011,Google Chrome,,,2026-09-20
in01719,wk2012,Google Chrome,,,2026-08-14
in01720,wk2013,Google Chrome,,,2026-08-17
in01721,wk2014,Google Chrome,,,2026-09-08
in01722,wk2015,Google Chrome,,,2026-08-05
in01723,wk2016,Google Chrome,,,2026-09-02
in01724,wk2017,Google Chrome,,,2026-09-26
in01725,wk2018,Google Chrome,,,2026-08-02
in01726,wk2019,Google Chrome,,,2026-09-01
in01727,wk2020,Google Chrome,,,2026-09-20
in01728,wk2021,Google Chrome,,,2026-08-14
in01729,wk2022,Google Chrome,,,2026-09-06
in01730,wk2023,Google Chrome,,,2026-08-16
in01731,wk2024,Google Chrome,,,2026-08-15
in01732,wk2025,Google Chrome,,,2026-08-04
in01733,wk2026,Google Chrome,,,2026-09-25
in01734,wk2027,Google Chrome,,,2026-08-11
in01735,wk2028,Google Chrome,,,2026-09-30
in01736,wk2029,Google Chrome,,,2026-08-30
in01737,wk2030,Google Chrome,,,2026-08-10
in01738,wk2031,Google Chrome,,,2026-08-08
in01739,wk2032,Google Chrome,,,2026-09-11
in01740,wk2033,Google Chrome,,,2026-08-16
in01741,wk2034,Google Chrome,,,2026-08-19
in01742,wk2035,Google Chrome,,,2026-08-20
in01743,wk2036,Google Chrome,,,2026-09-28
in01744,wk2037,Google Chrome,,,2026-08-07
in01745,wk2038,Google Chrome,,,2026-08-26
in01746,wk2039,Google Chrome,,,2026-10-01
in01747,wk2040,Google Chrome,,,2026-08-24
in01748,wk2041,Google Chrome,,,2026-08-05
in01749,wk2042,Google Chrome,,,2026-08-02
in01750,wk2043,Google Chrome,,,2026-09-17
in01751,wk2044,Google Chrome,,,2026-08-10
in01752,wk2045,Google Chrome,,,2026-08-02
in01753,wk2046,Google Chrome,,,2026-09-12
in01754,wk2047,Google Chrome,,,2026-08-23
in01755,wk2048,Google Chrome,,,2026-09-06
in01756,wk2049,Google Chrome,,,2026-09-13
in01757,wk2050,Google Chrome,,,2026-08-02
in01758,wk2051,Google Chrome,,,2026-10-01
in01759,wk2052,Google Chrome,,,2026-08-14
in01760,wk2053,Google Chrome,,,2026-08-10
in01761,wk2054,Google Chrome,,,2026-08-06
in01762,wk2055,Google Chrome,,,2026-08-14
in01763,wk2056,Google Chrome,,,2026-08-10
in01764,wk2057,Google Chrome,,,2026-09-15
in01765,wk2058,Google Chrome,,,2026-09-07
in01766,wk2059,Google Chrome,,,2026-08-09
in01767,ks000,Google Chrome,,,2026-09-23
in01768,ks001,Google Chrome,,,2026-08-28
in01769,ks002,Google Chrome,,,2026-08-20
in01770,ks003,Google Chrome,,,2026-09-09
in01771,ks004,Google Chrome,,,2026-08-08
in01772,ks005,Google Chrome,,,2026-08-06
in01773,ks006,Google Chrome,,,2026-08-08
in01774,ks007,Google Chrome,,,2026-08-12
in01775,ks008,Google Chrome,,,2026-08-02
in01776,ks009,Google Chrome,,,2026-09-01
in01777,ks010,Google Chrome,,,2026-08-12
in01778,ks011,Google Chrome,,,2026-08-16
in01779,ks012,Google Chrome,,,2026-09-08
in01780,ks013,Google Chrome,,,2026-09-27
in01781,ks014,Google Chrome,,,2026-09-24
in01782,ks015,Google Chrome,,,2026-08-06
in01783,ks016,Google Chrome,,,2026-08-05
in01784,ks017,Google Chrome,,,2026-09-17
in01785,ks018,Google Chrome,,,2026-09-27
in01786,ks019,Google Chrome,,,2026-08-31
in01787,ks020,Google Chrome,,,2026-09-19
in01788,ks021,Google Chrome,,,2026-08-22
in01789,ks022,Google Chrome,,,2026-09-12
in01790,ks023,Google Chrome,,,2026-09-07
in01791,ks024,Google Chrome,,,2026-08-22
in01792,wk0326,7zip 24.08,,,2026-08-08
in01793,wk0353,7-Zip 23.01 (x64),,,2026-09-04
in01794,wk0319,7-Zip 23.01 (x64),,,2026-08-22
in01795,wk0360,7-Zip 23.01 (x64),,,2026-08-24
in01796,wk0108,7-Zip 23.01 (x64),,,2026-09-12
in01797,wk2050,7-Zip 23.01 (x64),,,2026-09-26
in01798,wk0070,7-Zip 23.01 (x64),,,2026-09-21
in01799,wk2015,7-Zip 23.01 (x64),,,2026-09-29
in01800,wk0456,7-Zip 23.01 (x64),,,2026-09-11
in01801,wk0426,7zip 24.08,,,2026-09-24
in01802,wk0012,7-Zip 23.01 (x64),,,2026-09-21
in01803,wk0232,7-Zip 23.01 (x64),,,2026-09-20
in01804,wk0212,7zip 24.08,,,2026-08-24
in01805,wk0213,7-Zip 23.01 (x64),,,2026-08-19
in01806,wk0371,7-Zip 23.01 (x64),,,2026-09-08
in01807,ks010,7zip 24.08,,,2026-08-08
in01808,wk0127,7zip 24.08,,,2026-09-11
in01809,wk0035,7zip 24.08,,,2026-09-05
in01810,wk0472,7-Zip 23.01 (x64),,,2026-09-03
in01811,wk0442,7-Zip 23.01 (x64),,,2026-09-01
in01812,wk0024,7-Zip 23.01 (x64),,,2026-08-19
in01813,wk0134,7-Zip 23.01 (x64),,,2026-09-21
in01814,wk0439,7-Zip 23.01 (x64),,,2026-08-05
in01815,wk0094,7zip 24.08,,,2026-08-12
in01816,wk0188,7-Zip 23.01 (x64),,,2026-08-22
in01817,wk2056,7-Zip 23.01 (x64),,,2026-09-03
in01818,wk0297,7zip 24.08,,,2026-08-12
in01819,wk2047,7-Zip 23.01 (x64),,,2026-08-27
in01820,wk0365,7zip 24.08,,,2026-09-03
in01821,wk0103,7-Zip 23.01 (x64),,,2026-08-06
in01822,wk0227,7zip 24.08,,,2026-08-24
in01823,wk0059,7zip 24.08,,,2026-08-20
in01824,wk0224,7-Zip 23.01 (x64),,,2026-08-30
in01825,wk0375,7-Zip 23.01 (x64),,,2026-08-07
in01826,wk0443,7-Zip 23.01 (x64),,,2026-08-04
in01827,wk0161,7-Zip 23.01 (x64),,,2026-08-31
in01828,wk0389,7zip 24.08,,,2026-08-18
in01829,wk0078,7-Zip 23.01 (x64),,,2026-09-21
in01830,ks015,7-Zip 23.01 (x64),,,2026-08-30
in01831,wk0206,7zip 24.08,,,2026-08-08
in01832,wk0335,7-Zip 23.01 (x64),,,2026-09-05
in01833,wk0309,7zip 24.08,,,2026-08-26
in01834,wk0336,7zip 24.08,,,2026-08-16
in01835,wk0191,7zip 24.08,,,2026-09-10
in01836,wk2023,7-Zip 23.01 (x64),,,2026-08-25
in01837,wk2032,7zip 24.08,,,2026-09-11
in01838,wk0011,7zip 24.08,,,2026-09-19
in01839,wk0146,7-Zip 23.01 (x64),,,2026-08-05
in01840,wk0387,7-Zip 23.01 (x64),,,2026-08-12
in01841,wk0168,7zip 24.08,,,2026-08-25
in01842,wk0187,7zip 24.08,,,2026-09-11
in01843,wk0017,7zip 24.08,,,2026-08-11
in01844,wk0115,7zip 24.08,,,2026-09-21
in01845,wk0370,7zip 24.08,,,2026-08-02
in01846,wk0027,7-Zip 23.01 (x64),,,2026-08-08
in01847,wk0473,7-Zip 23.01 (x64),,,2026-08-31
in01848,wk0028,7zip 24.08,,,2026-09-22
in01849,wk0106,7-Zip 23.01 (x64),,,2026-08-14
in01850,wk0258,7zip 24.08,,,2026-08-26
in01851,wk2038,7zip 24.08,,,2026-08-04
in01852,wk0461,7zip 24.08,,,2026-08-25
in01853,wk0257,7-Zip 23.01 (x64),,,2026-08-17
in01854,wk0435,7-Zip 23.01 (x64),,,2026-09-26
in01855,wk0460,7zip 24.08,,,2026-09-25
in01856,wk2059,7-Zip 23.01 (x64),,,2026-09-14
in01857,wk2024,7zip 24.08,,,2026-08-24
in01858,wk0364,7zip 24.08,,,2026-09-03
in01859,wk2008,7zip 24.08,,,2026-09-26
in01860,wk0110,7zip 24.08,,,2026-08-21
in01861,wk0261,7-Zip 23.01 (x64),,,2026-09-25
in01862,wk0236,7zip 24.08,,,2026-08-31
in01863,wk0477,7-Zip 23.01 (x64),,,2026-09-18
in01864,wk0079,7zip 24.08,,,2026-08-21
in01865,wk0286,7zip 24.08,,,2026-09-14
in01866,wk0109,7zip 24.08,,,2026-09-18
in01867,wk0073,7zip 24.08,,,2026-08-13
in01868,wk2057,7zip 24.08,,,2026-09-02
in01869,wk0323,7zip 24.08,,,2026-09-06
in01870,wk2052,7-Zip 23.01 (x64),,,2026-09-24
in01871,wk0411,7-Zip 23.01 (x64),,,2026-08-15
in01872,wk0015,7zip 24.08,,,2026-08-11
in01873,wk0217,7-Zip 23.01 (x64),,,2026-09-28
in01874,wk0069,7zip 24.08,,,2026-09-09
in01875,wk0308,7-Zip 23.01 (x64),,,2026-08-08
in01876,wk0352,7-Zip 23.01 (x64),,,2026-09-15
in01877,wk0132,7zip 24.08,,,2026-09-03
in01878,wk2043,7-Zip 23.01 (x64),,,2026-09-30
in01879,wk0141,7-Zip 23.01 (x64),,,2026-09-26
in01880,wk0119,7zip 24.08,,,2026-09-18
in01881,wk0215,7zip 24.08,,,2026-08-24
in01882,wk2016,7-Zip 23.01 (x64),,,2026-08-06
in01883,wk0262,7zip 24.08,,,2026-08-16
in01884,wk0321,7-Zip 23.01 (x64),,,2026-09-10
in01885,wk0239,7-Zip 23.01 (x64),,,2026-09-23
in01886,wk2030,7-Zip 23.01 (x64),,,2026-08-21
in01887,wk0047,7zip 24.08,,,2026-08-09
in01888,wk0396,7-Zip 23.01 (x64),,,2026-09-10
in01889,wk0002,7-Zip 23.01 (x64),,,2026-09-21
in01890,wk0410,7-Zip 23.01 (x64),,,2026-09-01
in01891,wk0174,7zip 24.08,,,2026-09-15
in01892,wk0462,7-Zip 23.01 (x64),,,2026-08-04
in01893,wk0367,7-Zip 23.01 (x64),,,2026-09-17
in01894,wk0084,7zip 24.08,,,2026-08-04
in01895,wk0383,7-Zip 23.01 (x64),,,2026-08-13
in01896,wk0400,7zip 24.08,,,2026-08-22
in01897,wk0121,7zip 24.08,,,2026-08-28
in01898,wk0275,7-Zip 23.01 (x64),,,2026-09-18
in01899,wk0130,7zip 24.08,,,2026-09-05
in01900,wk0118,7zip 24.08,,,2026-08-11
in01901,wk0264,7-Zip 23.01 (x64),,,2026-08-19
in01902,wk0420,7zip 24.08,,,2026-08-15
in01903,wk0089,7zip 24.08,,,2026-09-17
in01904,ks016,7-Zip 23.01 (x64),,,2026-09-01
in01905,wk2001,7zip 24.08,,,2026-08-03
in01906,wk0453,7-Zip 23.01 (x64),,,2026-09-21
in01907,wk0446,7zip 24.08,,,2026-08-27
in01908,wk2055,7-Zip 23.01 (x64),,,2026-09-06
in01909,wk0299,7-Zip 23.01 (x64),,,2026-08-04
in01910,wk0369,7zip 24.08,,,2026-08-05
in01911,wk0449,7zip 24.08,,,2026-09-01
in01912,wk0056,7zip 24.08,,,2026-08-03
in01913,wk2019,7zip 24.08,,,2026-08-26
in01914,wk2014,7zip 24.08,,,2026-09-25
in01915,wk2018,7zip 24.08,,,2026-08-14
in01916,wk0304,7zip 24.08,,,2026-09-21
in01917,wk0363,7-Zip 23.01 (x64),,,2026-08-06
in01918,wk0474,7zip 24.08,,,2026-09-08
in01919,wk0139,7-Zip 23.01 (x64),,,2026-09-24
in01920,wk0428,7zip 24.08,,,2026-08-31
in01921,wk0429,7zip 24.08,,,2026-09-10
in01922,wk2003,7-Zip 23.01 (x64),,,2026-08-26
in01923,ks017,7-Zip 23.01 (x64),,,2026-09-11
in01924,wk0026,7-Zip 23.01 (x64),,,2026-09-11
in01925,wk0250,7-Zip 23.01 (x64),,,2026-09-02
in01926,wk0000,7zip 24.08,,,2026-09-13
in01927,wk0226,7zip 24.08,,,2026-08-22
in01928,wk0044,7zip 24.08,,,2026-08-26
in01929,ks007,7-Zip 23.01 (x64),,,2026-09-01
in01930,wk0407,7-Zip 23.01 (x64),,,2026-08-28
in01931,wk2011,7-Zip 23.01 (x64),,,2026-09-08
in01932,wk0346,7-Zip 23.01 (x64),,,2026-08-24
in01933,ks012,7zip 24.08,,,2026-09-12
in01934,wk0072,7-Zip 23.01 (x64),,,2026-08-17
in01935,wk0163,7-Zip 23.01 (x64),,,2026-08-17
in01936,wk0235,7-Zip 23.01 (x64),,,2026-09-05
in01937,wk0087,7-Zip 23.01 (x64),,,2026-09-18
in01938,wk0327,7-Zip 23.01 (x64),,,2026-09-18
in01939,wk0438,7-Zip 23.01 (x64),,,2026-08-14
in01940,wk0278,7-Zip 23.01 (x64),,,2026-08-20
in01941,wk0172,7zip 24.08,,,2026-08-19
in01942,wk0209,7-Zip 23.01 (x64),,,2026-08-03
in01943,wk0392,7-Zip 23.01 (x64),,,2026-09-19
in01944,wk0445,7-Zip 23.01 (x64),,,2026-09-14
in01945,wk0125,7-Zip 23.01 (x64),,,2026-09-04
in01946,wk0101,7zip 24.08,,,2026-09-14
in01947,wk0116,7-Zip 23.01 (x64),,,2026-08-05
in01948,wk0082,7zip 24.08,,,2026-08-30
in01949,wk0414,7-Zip 23.01 (x64),,,2026-09-09
in01950,wk0182,7-Zip 23.01 (x64),,,2026-10-01
in01951,wk0316,7-Zip 23.01 (x64),,,2026-09-20
in01952,wk0223,7-Zip 23.01 (x64),,,2026-09-25
in01953,wk0155,7-Zip 23.01 (x64),,,2026-08-03
in01954,wk0158,7zip 24.08,,,2026-09-14
in01955,wk0408,7zip 24.08,,,2026-08-19
in01956,wk0325,7-Zip 23.01 (x64),,,2026-09-06
in01957,wk0111,7zip 24.08,,,2026-09-27
in01958,wk0228,7zip 24.08,,,2026-09-24
in01959,wk0043,7-Zip 23.01 (x64),,,2026-08-30
in01960,wk0422,7zip 24.08,,,2026-09-04
in01961,wk0098,7-Zip 23.01 (x64),,,2026-08-07
in01962,wk0301,7-Zip 23.01 (x64),,,2026-09-30
in01963,wk2049,7zip 24.08,,,2026-09-04
in01964,wk0063,7zip 24.08,,,2026-09-21
in01965,wk2026,7zip 24.08,,,2026-08-16
in01966,wk0151,7-Zip 23.01 (x64),,,2026-08-27
in01967,ks001,7zip 24.08,,,2026-09-09
in01968,ks011,7-Zip 23.01 (x64),,,2026-09-15
in01969,wk0245,7-Zip 23.01 (x64),,,2026-09-21
in01970,wk0225,7-Zip 23.01 (x64),,,2026-09-22
in01971,wk0303,7-Zip 23.01 (x64),,,2026-09-24
in01972,wk0248,7zip 24.08,,,2026-09-21
in01973,wk0242,7-Zip 23.01 (x64),,,2026-08-30
in01974,wk2013,7zip 24.08,,,2026-08-27
in01975,wk0241,7zip 24.08,,,2026-09-05
in01976,wk0265,7-Zip 23.01 (x64),,,2026-08-28
in01977,wk0466,7-Zip 23.01 (x64),,,2026-08-16
in01978,wk0381,7zip 24.08,,,2026-09-16
in01979,wk0385,7-Zip 23.01 (x64),,,2026-09-23
in01980,wk0260,7-Zip 23.01 (x64),,,2026-08-03
in01981,wk0074,7zip 24.08,,,2026-09-16
in01982,wk0256,7-Zip 23.01 (x64),,,2026-09-16
in01983,wk0086,7zip 24.08,,,2026-08-09
in01984,wk0476,7zip 24.08,,,2026-08-25
in01985,wk0037,7zip 24.08,,,2026-09-04
in01986,wk0180,7-Zip 23.01 (x64),,,2026-09-01
in01987,wk0359,7-Zip 23.01 (x64),,,2026-09-17
in01988,wk0196,7-Zip 23.01 (x64),,,2026-09-03
in01989,wk0427,7-Zip 23.01 (x64),,,2026-08-03
in01990,wk2045,7-Zip 23.01 (x64),,,2026-08-24
in01991,wk0051,7-Zip 23.01 (x64),,,2026-09-19
in01992,wk0181,7-Zip 23.01 (x64),,,2026-09-15
in01993,wk0434,7zip 24.08,,,2026-08-13
in01994,wk0171,7-Zip 23.01 (x64),,,2026-08-14
in01995,wk2031,7-Zip 23.01 (x64),,,2026-09-10
in01996,ks021,7zip 24.08,,,2026-09-04
in01997,ks023,7zip 24.08,,,2026-09-27
in01998,wk0200,7-Zip 23.01 (x64),,,2026-09-16
in01999,wk0330,7zip 24.08,,,2026-09-20
in02000,wk0077,7zip 24.08,,,2026-09-04
in02001,wk0238,7-Zip 23.01 (x64),,,2026-08-03
in02002,wk0293,7zip 24.08,,,2026-08-17
in02003,wk0280,7-Zip 23.01 (x64),,,2026-08-03
in02004,wk0003,7-Zip 23.01 (x64),,,2026-08-25
in02005,wk0021,7-Zip 23.01 (x64),,,2026-08-31
in02006,wk0244,7-Zip 23.01 (x64),,,2026-08-08
in02007,wk0441,7-Zip 23.01 (x64),,,2026-08-10
in02008,wk0376,7-Zip 23.01 (x64),,,2026-09-13
in02009,wk0322,7-Zip 23.01 (x64),,,2026-09-10
in02010,wk0205,7-Zip 23.01 (x64),,,2026-09-25
in02011,wk0221,7zip 24.08,,,2026-08-30
in02012,wk0317,7-Zip 23.01 (x64),,,2026-09-21
in02013,wk0152,7-Zip 23.01 (x64),,,2026-08-20
in02014,wk0080,7zip 24.08,,,2026-09-04
in02015,wk0283,7zip 24.08,,,2026-08-20
in02016,wk0334,7-Zip 23.01 (x64),,,2026-09-26
in02017,wk0339,7zip 24.08,,,2026-08-05
in02018,wk0467,7-Zip 23.01 (x64),,,2026-10-01
in02019,wk2051,7zip 24.08,,,2026-08-20
in02020,wk0320,7-Zip 23.01 (x64),,,2026-09-25
in02021,wk2034,7-Zip 23.01 (x64),,,2026-09-05
in02022,wk0204,7zip 24.08,,,2026-08-28
in02023,wk0167,7zip 24.08,,,2026-09-08
in02024,wk0302,7zip 24.08,,,2026-09-16
in02025,wk0292,7zip 24.08,,,2026-08-20
in02026,wk0112,7-Zip 23.01 (x64),,,2026-09-17
in02027,wk0465,7zip 24.08,,,2026-09-06
in02028,wk0342,7zip 24.08,,,2026-08-18
in02029,wk0281,7-Zip 23.01 (x64),,,2026-09-27
in02030,wk0282,7-Zip 23.01 (x64),,,2026-09-26
in02031,wk0366,7-Zip 23.01 (x64),,,2026-09-28
in02032,wk0093,7-Zip 23.01 (x64),,,2026-09-15
in02033,wk2037,7zip 24.08,,,2026-09-07
in02034,wk2053,7-Zip 23.01 (x64),,,2026-09-15
in02035,wk2002,7zip 24.08,,,2026-09-25
in02036,wk0013,7zip 24.08,,,2026-08-26
in02037,wk0315,7-Zip 23.01 (x64),,,2026-09-13
in02038,wk0165,7zip 24.08,,,2026-08-03
in02039,wk2036,7-Zip 23.01 (x64),,,2026-09-23
in02040,wk0386,7zip 24.08,,,2026-09-27
in02041,wk0253,7-Zip 23.01 (x64),,,2026-09-04
in02042,wk0140,7-Zip 23.01 (x64),,,2026-08-20
in02043,wk0186,7-Zip 23.01 (x64),,,2026-08-18
in02044,wk0266,7-Zip 23.01 (x64),,,2026-08-25
in02045,wk0010,7-Zip 23.01 (x64),,,2026-08-12
in02046,wk0179,7zip 24.08,,,2026-09-24
in02047,wk0418,7-Zip 23.01 (x64),,,2026-09-16
in02048,wk0272,7zip 24.08,,,2026-09-17
in02049,wk0166,7-Zip 23.01 (x64),,,2026-09-09
in02050,wk0350,7zip 24.08,,,2026-08-18
in02051,wk0347,7zip 24.08,,,2026-09-05
in02052,wk0170,7zip 24.08,,,2026-09-21
in02053,wk0457,7-Zip 23.01 (x64),,,2026-09-03
in02054,wk0198,7-Zip 23.01 (x64),,,2026-10-01
in02055,wk0289,7zip 24.08,,,2026-09-26
in02056,wk0133,7-Zip 23.01 (x64),,,2026-08-07
in02057,wk0008,7-Zip 23.01 (x64),,,2026-08-22
in02058,wk0189,7zip 24.08,,,2026-08-20
in02059,wk0332,7-Zip 23.01 (x64),,,2026-08-17
in02060,wk0034,7zip 24.08,,,2026-09-24
in02061,wk0185,7-Zip 23.01 (x64),,,2026-09-26
in02062,wk0458,7-Zip 23.01 (x64),,,2026-10-01
in02063,wk0006,7zip 24.08,,,2026-09-29
in02064,wk0382,7zip 24.08,,,2026-09-26
in02065,wk0440,7zip 24.08,,,2026-08-25
in02066,wk0147,7zip 24.08,,,2026-08-08
in02067,ks022,7-Zip 23.01 (x64),,,2026-08-21
in02068,wk0401,7-Zip 23.01 (x64),,,2026-09-12
in02069,wk0193,7zip 24.08,,,2026-09-01
in02070,wk2025,7zip 24.08,,,2026-09-23
in02071,wk0038,7-Zip 23.01 (x64),,,2026-09-09
in02072,wk0395,7zip 24.08,,,2026-08-23
in02073,wk0107,7-Zip 23.01 (x64),,,2026-08-20
in02074,wk0030,7-Zip 23.01 (x64),,,2026-08-30
in02075,wk0071,7zip 24.08,,,2026-09-05
in02076,wk0075,7-Zip 23.01 (x64),,,2026-08-20
in02077,wk0159,7zip 24.08,,,2026-09-29
in02078,wk0409,7-Zip 23.01 (x64),,,2026-09-14
in02079,wk0357,7zip 24.08,,,2026-08-13
in02080,wk0029,7zip 24.08,,,2026-08-13
in02081,wk0404,7zip 24.08,,,2026-08-29
in02082,wk0135,7zip 24.08,,,2026-09-16
in02083,wk0062,7zip 24.08,,,2026-08-28
in02084,wk0054,7zip 24.08,,,2026-09-13
in02085,wk2009,7-Zip 23.01 (x64),,,2026-08-09
in02086,wk0045,7zip 24.08,,,2026-08-10
in02087,wk0076,7zip 24.08,,,2026-09-01
in02088,wk0222,7-Zip 23.01 (x64),,,2026-08-16
in02089,wk0284,7zip 24.08,,,2026-08-16
in02090,wk0020,7zip 24.08,,,2026-08-07
in02091,wk0254,7zip 24.08,,,2026-08-17
in02092,wk0465,Notepad++ (64-bit x64),,,2026-08-19
in02093,wk0368,Notepad++ (64-bit x64),,,2026-09-13
in02094,wk0088,Notepad++ (64-bit x64),,,2026-09-19
in02095,wk0369,Notepad++ (64-bit x64),,,2026-09-17
in02096,wk0212,Notepad++ (64-bit x64),,,2026-08-25
in02097,wk0239,Notepad++ (64-bit x64),,,2026-09-24
in02098,wk0442,Notepad++ (64-bit x64),,,2026-08-26
in02099,wk0261,Notepad++ (64-bit x64),,,2026-08-29
in02100,wk0375,Notepad++ (64-bit x64),,,2026-08-30
in02101,wk0017,Notepad++ (64-bit x64),,,2026-09-24
in02102,wk0279,Notepad++ (64-bit x64),,,2026-09-18
in02103,wk0062,Notepad++ (64-bit x64),,,2026-09-12
in02104,wk0349,Notepad++ (64-bit x64),,,2026-08-04
in02105,ks021,Notepad++ (64-bit x64),,,2026-10-01
in02106,wk0419,Notepad++ (64-bit x64),,,2026-09-24
in02107,wk0033,Notepad++ (64-bit x64),,,2026-09-06
in02108,wk0447,Notepad++ (64-bit x64),,,2026-08-21
in02109,wk2057,Notepad++ (64-bit x64),,,2026-09-16
in02110,wk0312,Notepad++ (64-bit x64),,,2026-08-25
in02111,wk0234,Notepad++ (64-bit x64),,,2026-09-07
in02112,wk0348,Notepad++ (64-bit x64),,,2026-08-29
in02113,wk0345,Notepad++ (64-bit x64),,,2026-09-14
in02114,wk2003,Notepad++ (64-bit x64),,,2026-08-13
in02115,wk0111,Notepad++ (64-bit x64),,,2026-09-02
in02116,wk0190,Notepad++ (64-bit x64),,,2026-09-28
in02117,wk2019,Notepad++ (64-bit x64),,,2026-09-02
in02118,wk0104,Notepad++ (64-bit x64),,,2026-08-24
in02119,wk0378,Notepad++ (64-bit x64),,,2026-08-13
in02120,wk0201,Notepad++ (64-bit x64),,,2026-08-27
in02121,wk0276,Notepad++ (64-bit x64),,,2026-09-21
in02122,wk2018,Notepad++ (64-bit x64),,,2026-09-15
in02123,wk0044,Notepad++ (64-bit x64),,,2026-08-02
in02124,wk0134,Notepad++ (64-bit x64),,,2026-09-12
in02125,wk0347,Notepad++ (64-bit x64),,,2026-08-07
in02126,wk0430,Notepad++ (64-bit x64),,,2026-08-18
in02127,wk0449,Notepad++ (64-bit x64),,,2026-09-27
in02128,wk0295,Notepad++ (64-bit x64),,,2026-08-05
in02129,wk0431,Notepad++ (64-bit x64),,,2026-09-20
in02130,wk0159,Notepad++ (64-bit x64),,,2026-10-01
in02131,wk0321,Notepad++ (64-bit x64),,,2026-09-05
in02132,wk0157,Notepad++ (64-bit x64),,,2026-09-13
in02133,wk0187,Notepad++ (64-bit x64),,,2026-08-29
in02134,wk0161,Notepad++ (64-bit x64),,,2026-08-17
in02135,wk0360,Notepad++ (64-bit x64),,,2026-09-25
in02136,wk0287,Notepad++ (64-bit x64),,,2026-09-24
in02137,ks013,Notepad++ (64-bit x64),,,2026-09-13
in02138,wk0251,Notepad++ (64-bit x64),,,2026-09-17
in02139,wk0339,Notepad++ (64-bit x64),,,2026-09-09
in02140,wk0037,Notepad++ (64-bit x64),,,2026-08-24
in02141,wk0177,Notepad++ (64-bit x64),,,2026-09-13
in02142,wk0055,Notepad++ (64-bit x64),,,2026-08-23
in02143,wk0437,Notepad++ (64-bit x64),,,2026-08-09
in02144,wk0434,Notepad++ (64-bit x64),,,2026-09-08
in02145,wk0196,Notepad++ (64-bit x64),,,2026-09-23
in02146,wk0077,Notepad++ (64-bit x64),,,2026-08-19
in02147,wk0395,Notepad++ (64-bit x64),,,2026-09-10
in02148,wk0401,Notepad++ (64-bit x64),,,2026-09-05
in02149,wk0191,Notepad++ (64-bit x64),,,2026-08-05
in02150,wk0260,Notepad++ (64-bit x64),,,2026-09-17
in02151,wk0061,Notepad++ (64-bit x64),,,2026-10-01
in02152,wk0057,Notepad++ (64-bit x64),,,2026-08-20
in02153,wk0462,Notepad++ (64-bit x64),,,2026-08-20
in02154,wk0139,Notepad++ (64-bit x64),,,2026-09-08
in02155,wk0225,Notepad++ (64-bit x64),,,2026-09-15
in02156,ks017,Notepad++ (64-bit x64),,,2026-09-20
in02157,wk0203,Notepad++ (64-bit x64),,,2026-09-21
in02158,wk0304,Notepad++ (64-bit x64),,,2026-08-10
in02159,wk0130,Notepad++ (64-bit x64),,,2026-09-30
in02160,wk0010,Notepad++ (64-bit x64),,,2026-09-17
in02161,wk0200,Notepad++ (64-bit x64),,,2026-08-19
in02162,wk0199,Notepad++ (64-bit x64),,,2026-08-19
in02163,wk0095,Notepad++ (64-bit x64),,,2026-08-31
in02164,wk0194,Notepad++ (64-bit x64),,,2026-08-11
in02165,wk0400,Notepad++ (64-bit x64),,,2026-08-28
in02166,wk0005,Notepad++ (64-bit x64),,,2026-09-27
in02167,wk0376,Notepad++ (64-bit x64),,,2026-08-18
in02168,ks000,Notepad++ (64-bit x64),,,2026-09-15
in02169,wk0058,Notepad++ (64-bit x64),,,2026-08-18
in02170,wk0389,Notepad++ (64-bit x64),,,2026-08-20
in02171,wk0164,Notepad++ (64-bit x64),,,2026-09-13
in02172,wk0170,Notepad++ (64-bit x64),,,2026-08-17
in02173,wk0064,Notepad++ (64-bit x64),,,2026-08-16
in02174,wk2051,Notepad++ (64-bit x64),,,2026-09-23
in02175,ks015,Notepad++ (64-bit x64),,,2026-09-12
in02176,wk0319,Notepad++ (64-bit x64),,,2026-08-19
in02177,wk0366,Notepad++ (64-bit x64),,,2026-08-28
in02178,wk0096,Notepad++ (64-bit x64),,,2026-08-20
in02179,wk0105,Notepad++ (64-bit x64),,,2026-08-15
in02180,wk2016,Notepad++ (64-bit x64),,,2026-08-26
in02181,wk0296,Notepad++ (64-bit x64),,,2026-08-14
in02182,wk2025,Adobe Acrobat Reader DC,,,2026-09-17
in02183,wk0459,Adobe Acrobat Reader DC,,,2026-08-10
in02184,wk0168,Adobe Acrobat Reader DC,,,2026-08-27
in02185,wk0060,Adobe Acrobat Reader DC,,,2026-08-24
in02186,wk0109,Adobe Acrobat Reader (64-bit),,,2026-09-23
in02187,wk0082,Adobe Acrobat Reader (64-bit),,,2026-08-10
in02188,wk0033,Adobe Acrobat Reader (64-bit),,,2026-09-03
in02189,wk2044,Adobe Acrobat Reader DC,,,2026-08-25
in02190,wk0151,Adobe Acrobat Reader DC,,,2026-09-11
in02191,wk0273,Adobe Acrobat Reader DC,,,2026-08-26
in02192,wk0071,Adobe Acrobat Reader (64-bit),,,2026-08-28
in02193,wk0181,Adobe Acrobat Reader DC,,,2026-09-12
in02194,wk2053,Adobe Acrobat Reader DC,,,2026-08-07
in02195,wk0023,Adobe Acrobat Reader (64-bit),,,2026-09-25
in02196,wk0016,Adobe Acrobat Reader DC,,,2026-09-27
in02197,wk0235,Adobe Acrobat Reader (64-bit),,,2026-08-25
in02198,wk0450,Adobe Acrobat Reader (64-bit),,,2026-08-19
in02199,wk0089,Adobe Acrobat Reader DC,,,2026-09-13
in02200,wk0464,Adobe Acrobat Reader (64-bit),,,2026-08-26
in02201,ks005,Adobe Acrobat Reader (64-bit),,,2026-09-30
in02202,wk0244,Adobe Acrobat Reader (64-bit),,,2026-09-02
in02203,wk0186,Adobe Acrobat Reader (64-bit),,,2026-09-12
in02204,wk0207,Adobe Acrobat Reader DC,,,2026-08-22
in02205,wk0321,Adobe Acrobat Reader (64-bit),,,2026-09-25
in02206,wk0346,Adobe Acrobat Reader DC,,,2026-09-10
in02207,wk0026,Adobe Acrobat Reader DC,,,2026-09-08
in02208,wk0134,Adobe Acrobat Reader (64-bit),,,2026-09-11
in02209,wk0344,Adobe Acrobat Reader (64-bit),,,2026-08-16
in02210,wk0381,Adobe Acrobat Reader DC,,,2026-09-08
in02211,wk0067,Adobe Acrobat Reader (64-bit),,,2026-09-05
in02212,wk0073,Adobe Acrobat Reader DC,,,2026-08-24
in02213,ks011,Adobe Acrobat Reader (64-bit),,,2026-09-04
in02214,wk0123,Adobe Acrobat Reader DC,,,2026-09-15
in02215,wk0051,Adobe Acrobat Reader DC,,,2026-09-23
in02216,wk0163,Adobe Acrobat Reader DC,,,2026-08-11
in02217,wk0299,Adobe Acrobat Reader (64-bit),,,2026-09-26
in02218,wk0285,Adobe Acrobat Reader DC,,,2026-08-07
in02219,wk0307,Adobe Acrobat Reader (64-bit),,,2026-09-08
in02220,ks007,Adobe Acrobat Reader DC,,,2026-08-18
in02221,wk0209,Adobe Acrobat Reader (64-bit),,,2026-09-06
in02222,ks008,Adobe Acrobat Reader DC,,,2026-09-20
in02223,wk0287,Adobe Acrobat Reader DC,,,2026-09-12
in02224,wk0005,Adobe Acrobat Reader (64-bit),,,2026-09-20
in02225,ks021,Adobe Acrobat Reader (64-bit),,,2026-08-21
in02226,wk0293,Adobe Acrobat Reader DC,,,2026-09-29
in02227,wk0233,Adobe Acrobat Reader (64-bit),,,2026-09-06
in02228,wk0315,Adobe Acrobat Reader (64-bit),,,2026-08-19
in02229,wk0093,Adobe Acrobat Reader (64-bit),,,2026-09-19
in02230,wk2015,Adobe Acrobat Reader (64-bit),,,2026-08-20
in02231,wk0146,Adobe Acrobat Reader (64-bit),,,2026-09-06
in02232,wk0391,Adobe Acrobat Reader (64-bit),,,2026-08-30
in02233,wk0475,Adobe Acrobat Reader (64-bit),,,2026-09-19
in02234,wk0385,Adobe Acrobat Reader DC,,,2026-08-02
in02235,wk0466,Adobe Acrobat Reader (64-bit),,,2026-08-30
in02236,wk0424,Adobe Acrobat Reader (64-bit),,,2026-08-27
in02237,wk0100,Adobe Acrobat Reader DC,,,2026-09-29
in02238,wk2000,Adobe Acrobat Reader DC,,,2026-09-16
in02239,wk2009,Adobe Acrobat Reader DC,,,2026-08-17
in02240,wk0112,Adobe Acrobat Reader (64-bit),,,2026-08-09
in02241,wk0143,Adobe Acrobat Reader (64-bit),,,2026-08-06
in02242,wk0138,Adobe Acrobat Reader (64-bit),,,2026-08-05
in02243,wk2056,Adobe Acrobat Reader (64-bit),,,2026-09-01
in02244,wk2008,Adobe Acrobat Reader (64-bit),,,2026-09-12
in02245,wk0425,Adobe Acrobat Reader DC,,,2026-08-11
in02246,wk0261,Adobe Acrobat Reader DC,,,2026-08-08
in02247,wk0126,Adobe Acrobat Reader DC,,,2026-09-21
in02248,wk0068,Adobe Acrobat Reader DC,,,2026-09-22
in02249,wk0355,Adobe Acrobat Reader (64-bit),,,2026-09-01
in02250,wk0156,Adobe Acrobat Reader DC,,,2026-08-07
in02251,wk0202,Adobe Acrobat Reader DC,,,2026-08-29
in02252,ks012,Adobe Acrobat Reader DC,,,2026-09-22
in02253,wk0114,Adobe Acrobat Reader (64-bit),,,2026-08-08
in02254,wk0048,Adobe Acrobat Reader (64-bit),,,2026-08-08
in02255,wk0111,Adobe Acrobat Reader DC,,,2026-09-12
in02256,wk0225,Adobe Acrobat Reader DC,,,2026-09-14
in02257,wk2022,Adobe Acrobat Reader DC,,,2026-09-06
in02258,wk0404,Adobe Acrobat Reader (64-bit),,,2026-08-02
in02259,wk0188,Adobe Acrobat Reader (64-bit),,,2026-09-17
in02260,wk0236,Adobe Acrobat Reader DC,,,2026-09-02
in02261,wk2020,Adobe Acrobat Reader (64-bit),,,2026-09-03
in02262,wk0178,Adobe Acrobat Reader DC,,,2026-08-12
in02263,wk0256,Adobe Acrobat Reader DC,,,2026-09-25
in02264,wk0248,Adobe Acrobat Reader (64-bit),,,2026-09-06
in02265,wk0013,Adobe Acrobat Reader DC,,,2026-09-16
in02266,wk0319,Adobe Acrobat Reader DC,,,2026-08-25
in02267,wk2032,Adobe Acrobat Reader (64-bit),,,2026-09-02
in02268,wk0392,Adobe Acrobat Reader DC,,,2026-08-25
in02269,wk2023,Adobe Acrobat Reader (64-bit),,,2026-09-16
in02270,wk0408,Adobe Acrobat Reader DC,,,2026-09-13
in02271,wk0448,Adobe Acrobat Reader (64-bit),,,2026-09-28
in02272,wk0362,Adobe Acrobat Reader DC,,,2026-08-26
in02273,wk0182,Adobe Acrobat Reader DC,,,2026-08-06
in02274,wk0205,Adobe Acrobat Reader DC,,,2026-08-14
in02275,wk0107,Adobe Acrobat Reader (64-bit),,,2026-08-22
in02276,wk0081,Adobe Acrobat Reader DC,,,2026-08-27
in02277,wk0177,Adobe Acrobat Reader (64-bit),,,2026-08-10
in02278,wk0254,Adobe Acrobat Reader (64-bit),,,2026-09-22
in02279,wk0374,Adobe Acrobat Reader (64-bit),,,2026-09-14
in02280,wk0336,Adobe Acrobat Reader DC,,,2026-09-06
in02281,ks002,Adobe Acrobat Reader DC,,,2026-09-19
in02282,wk0080,Adobe Acrobat Reader (64-bit),,,2026-08-17
in02283,wk0268,Adobe Acrobat Reader (64-bit),,,2026-08-24
in02284,wk2034,Adobe Acrobat Reader DC,,,2026-08-03
in02285,wk0078,Adobe Acrobat Reader (64-bit),,,2026-08-11
in02286,wk0217,Adobe Acrobat Reader (64-bit),,,2026-08-26
in02287,wk0094,Adobe Acrobat Reader (64-bit),,,2026-09-28
in02288,wk0241,Adobe Acrobat Reader DC,,,2026-08-30
in02289,wk0259,Adobe Acrobat Reader (64-bit),,,2026-09-29
in02290,wk0471,Adobe Acrobat Reader (64-bit),,,2026-09-15
in02291,wk0402,Adobe Acrobat Reader (64-bit),,,2026-08-20
in02292,wk0101,Adobe Acrobat Reader (64-bit),,,2026-08-03
in02293,wk0334,Adobe Acrobat Reader (64-bit),,,2026-08-13
in02294,wk0369,Adobe Acrobat Reader (64-bit),,,2026-09-03
in02295,wk0127,Adobe Acrobat Reader (64-bit),,,2026-09-02
in02296,wk0180,Adobe Acrobat Reader DC,,,2026-08-04
in02297,wk0292,Adobe Acrobat Reader DC,,,2026-08-18
in02298,wk0415,Adobe Acrobat Reader DC,,,2026-08-11
in02299,wk2012,Adobe Acrobat Reader DC,,,2026-09-16
in02300,wk0135,Adobe Acrobat Reader DC,,,2026-09-18
in02301,wk0141,Adobe Acrobat Reader (64-bit),,,2026-09-18
in02302,wk2004,Adobe Acrobat Reader (64-bit),,,2026-08-20
in02303,wk0325,Adobe Acrobat Reader (64-bit),,,2026-09-19
in02304,wk0062,Adobe Acrobat Reader (64-bit),,,2026-08-16
in02305,wk0246,Adobe Acrobat Reader DC,,,2026-09-01
in02306,wk0144,Adobe Acrobat Reader DC,,,2026-08-22
in02307,wk0192,Adobe Acrobat Reader DC,,,2026-08-10
in02308,wk0303,Adobe Acrobat Reader (64-bit),,,2026-09-20
in02309,wk0296,Adobe Acrobat Reader DC,,,2026-09-27
in02310,wk0430,Adobe Acrobat Reader DC,,,2026-09-03
in02311,wk2011,Adobe Acrobat Reader (64-bit),,,2026-09-30
in02312,wk0161,Adobe Acrobat Reader (64-bit),,,2026-08-15
in02313,wk0223,Adobe Acrobat Reader DC,,,2026-08-30
in02314,wk0413,Adobe Acrobat Reader DC,,,2026-09-05
in02315,wk0000,Adobe Acrobat Reader DC,,,2026-08-08
in02316,wk0476,Adobe Acrobat Reader DC,,,2026-08-13
in02317,wk0154,Adobe Acrobat Reader (64-bit),,,2026-08-25
in02318,wk0130,Adobe Acrobat Reader (64-bit),,,2026-09-16
in02319,wk0406,Adobe Acrobat Reader (64-bit),,,2026-09-12
in02320,wk2021,Adobe Acrobat Reader (64-bit),,,2026-09-05
in02321,wk0070,Adobe Acrobat Reader DC,,,2026-09-28
in02322,wk0282,Adobe Acrobat Reader DC,,,2026-09-11
in02323,wk2030,Adobe Acrobat Reader (64-bit),,,2026-08-24
in02324,wk2047,Adobe Acrobat Reader DC,,,2026-09-19
in02325,wk0288,Adobe Acrobat Reader DC,,,2026-09-10
in02326,wk0320,Adobe Acrobat Reader DC,,,2026-09-30
in02327,wk0064,Adobe Acrobat Reader DC,,,2026-08-09
in02328,wk0358,Adobe Acrobat Reader (64-bit),,,2026-08-08
in02329,wk0397,Adobe Acrobat Reader (64-bit),,,2026-08-08
in02330,wk0087,Adobe Acrobat Reader (64-bit),,,2026-08-18
in02331,wk0149,Adobe Acrobat Reader DC,,,2026-09-08
in02332,wk2057,Adobe Acrobat Reader (64-bit),,,2026-08-25
in02333,wk0447,Adobe Acrobat Reader (64-bit),,,2026-08-25
in02334,wk0455,Adobe Acrobat Reader (64-bit),,,2026-10-01
in02335,wk0347,Adobe Acrobat Reader (64-bit),,,2026-08-22
in02336,wk0222,Adobe Acrobat Reader DC,,,2026-09-05
in02337,wk0239,Adobe Acrobat Reader (64-bit),,,2026-08-31
in02338,wk0433,Adobe Acrobat Reader (64-bit),,,2026-09-25
in02339,wk0414,Adobe Acrobat Reader (64-bit),,,2026-09-25
in02340,wk0365,Adobe Acrobat Reader DC,,,2026-08-20
in02341,wk0436,Adobe Acrobat Reader (64-bit),,,2026-08-31
in02342,wk0096,Adobe Acrobat Reader DC,,,2026-08-11
in02343,wk2051,Adobe Acrobat Reader (64-bit),,,2026-09-24
in02344,wk0079,Adobe Acrobat Reader (64-bit),,,2026-08-07
in02345,wk0210,Adobe Acrobat Reader (64-bit),,,2026-09-29
in02346,wk0088,Adobe Acrobat Reader (64-bit),,,2026-08-20
in02347,wk0260,Adobe Acrobat Reader DC,,,2026-08-20
in02348,wk0076,Adobe Acrobat Reader (64-bit),,,2026-08-10
in02349,wk0162,Adobe Acrobat Reader DC,,,2026-08-05
in02350,wk0113,Adobe Acrobat Reader (64-bit),,,2026-09-09
in02351,wk0329,Adobe Acrobat Reader DC,,,2026-09-07
in02352,wk0410,Adobe Acrobat Reader DC,,,2026-09-13
in02353,wk0198,Adobe Acrobat Reader (64-bit),,,2026-09-10
in02354,wk0142,Adobe Acrobat Reader DC,,,2026-08-28
in02355,wk0398,Adobe Acrobat Reader (64-bit),,,2026-08-03
in02356,wk0403,Adobe Acrobat Reader DC,,,2026-08-04
in02357,wk2037,Adobe Acrobat Reader (64-bit),,,2026-09-04
in02358,wk0452,Adobe Acrobat Reader DC,,,2026-08-06
in02359,wk0295,Adobe Acrobat Reader (64-bit),,,2026-08-23
in02360,wk0097,Adobe Acrobat Reader DC,,,2026-09-12
in02361,ks019,Adobe Acrobat Reader (64-bit),,,2026-08-17
in02362,wk0243,Adobe Acrobat Reader DC,,,2026-08-02
in02363,wk0300,Adobe Acrobat Reader (64-bit),,,2026-09-22
in02364,wk0275,Adobe Acrobat Reader DC,,,2026-08-17
in02365,wk0098,Adobe Acrobat Reader DC,,,2026-08-14
in02366,wk2010,Adobe Acrobat Reader DC,,,2026-09-30
in02367,wk0330,Adobe Acrobat Reader (64-bit),,,2026-08-11
in02368,wk0257,Adobe Acrobat Reader (64-bit),,,2026-09-16
in02369,wk2002,Adobe Acrobat Reader DC,,,2026-08-09
in02370,wk0050,Adobe Acrobat Reader (64-bit),,,2026-08-15
in02371,wk0008,Adobe Acrobat Reader DC,,,2026-08-23
in02372,wk0102,Adobe Acrobat Reader DC,,,2026-08-11
in02373,wk0227,Adobe Acrobat Reader (64-bit),,,2026-09-16
in02374,wk0019,Adobe Acrobat Reader (64-bit),,,2026-08-29
in02375,wk0379,Adobe Acrobat Reader (64-bit),,,2026-08-02
in02376,wk0291,Adobe Acrobat Reader (64-bit),,,2026-09-22
in02377,wk0052,Adobe Acrobat Reader (64-bit),,,2026-09-20
in02378,wk0382,Adobe Acrobat Reader (64-bit),,,2026-08-03
in02379,wk0394,Adobe Acrobat Reader (64-bit),,,2026-09-30
in02380,wk0435,Adobe Acrobat Reader (64-bit),,,2026-08-12
in02381,wk2016,Adobe Acrobat Reader DC,,,2026-09-28
in02382,wk0322,Adobe Acrobat Reader DC,,,2026-09-21
in02383,wk0304,Adobe Acrobat Reader DC,,,2026-09-06
in02384,wk0116,Adobe Acrobat Reader (64-bit),,,2026-09-11
in02385,wk2040,Adobe Acrobat Reader DC,,,2026-09-27
in02386,wk0400,Adobe Acrobat Reader DC,,,2026-09-07
in02387,wk0331,Adobe Acrobat Reader (64-bit),,,2026-08-03
in02388,wk0469,Adobe Acrobat Reader DC,,,2026-08-28
in02389,wk0190,Adobe Acrobat Reader DC,,,2026-08-25
in02390,wk0053,Adobe Acrobat Reader (64-bit),,,2026-08-08
in02391,wk0245,Adobe Acrobat Reader DC,,,2026-08-30
in02392,ks018,Adobe Acrobat Reader DC,,,2026-08-31
in02393,wk0395,Adobe Acrobat Reader DC,,,2026-09-18
in02394,ks006,Adobe Acrobat Reader (64-bit),,,2026-08-11
in02395,wk0157,Adobe Acrobat Reader DC,,,2026-09-17
in02396,wk0461,Adobe Acrobat Reader (64-bit),,,2026-09-28
in02397,wk0129,Adobe Acrobat Reader DC,,,2026-09-25
in02398,wk0281,Adobe Acrobat Reader (64-bit),,,2026-08-13
in02399,wk0390,Adobe Acrobat Reader (64-bit),,,2026-08-22
in02400,wk0030,Adobe Acrobat Reader DC,,,2026-08-09
in02401,wk0361,Adobe Acrobat Reader DC,,,2026-08-04
in02402,wk0025,Adobe Acrobat Reader (64-bit),,,2026-09-11
in02403,wk0454,Adobe Acrobat Reader DC,,,2026-08-19
in02404,wk0451,Adobe Acrobat Reader (64-bit),,,2026-08-08
in02405,wk0105,Adobe Acrobat Reader (64-bit),,,2026-09-14
in02406,wk0043,Adobe Acrobat Reader DC,,,2026-08-24
in02407,wk0428,Adobe Acrobat Reader (64-bit),,,2026-09-23
in02408,wk0349,Adobe Acrobat Reader DC,,,2026-08-06
in02409,wk0044,Adobe Acrobat Reader DC,,,2026-09-16
in02410,wk2058,Adobe Acrobat Reader DC,,,2026-08-19
in02411,wk0250,Adobe Acrobat Reader (64-bit),,,2026-09-19
in02412,wk0389,Adobe Acrobat Reader DC,,,2026-08-13
in02413,wk0128,Adobe Acrobat Reader (64-bit),,,2026-09-12
in02414,wk0431,Adobe Acrobat Reader (64-bit),,,2026-09-25
in02415,wk0153,Adobe Acrobat Reader (64-bit),,,2026-08-04
in02416,wk2006,Adobe Acrobat Reader DC,,,2026-08-11
in02417,wk2013,Adobe Acrobat Reader DC,,,2026-09-03
in02418,wk0357,Adobe Acrobat Reader (64-bit),,,2026-09-26
in02419,wk0124,Adobe Acrobat Reader DC,,,2026-09-06
in02420,wk0211,Adobe Acrobat Reader DC,,,2026-09-21
in02421,wk0058,Adobe Acrobat Reader DC,,,2026-09-27
in02422,wk0353,Adobe Acrobat Reader (64-bit),,,2026-09-26
in02423,wk0004,Adobe Acrobat Reader DC,,,2026-09-26
in02424,wk0443,Adobe Acrobat Reader (64-bit),,,2026-09-16
in02425,ks022,Adobe Acrobat Reader DC,,,2026-08-20
in02426,wk0055,Adobe Acrobat Reader (64-bit),,,2026-08-07
in02427,wk0231,Adobe Acrobat Reader (64-bit),,,2026-08-22
in02428,wk0251,Adobe Acrobat Reader DC,,,2026-09-24
in02429,wk0011,Adobe Acrobat Reader (64-bit),,,2026-09-06
in02430,wk0115,Adobe Acrobat Reader DC,,,2026-09-19
in02431,wk0456,Adobe Acrobat Reader (64-bit),,,2026-08-25
in02432,wk0179,Adobe Acrobat Reader (64-bit),,,2026-08-17
in02433,wk0018,Adobe Acrobat Reader (64-bit),,,2026-08-12
in02434,wk0160,Adobe Acrobat Reader (64-bit),,,2026-08-28
in02435,wk0393,Adobe Acrobat Reader DC,,,2026-08-18
in02436,wk0401,Adobe Acrobat Reader (64-bit),,,2026-08-06
in02437,ks015,Adobe Acrobat Reader (64-bit),,,2026-09-27
in02438,wk0200,Adobe Acrobat Reader (64-bit),,,2026-09-05
in02439,wk0324,Adobe Acrobat Reader DC,,,2026-09-13
in02440,wk0159,Adobe Acrobat Reader (64-bit),,,2026-09-18
in02441,wk0213,Adobe Acrobat Reader (64-bit),,,2026-09-11
in02442,wk0037,Adobe Acrobat Reader DC,,,2026-09-13
in02443,wk0262,Adobe Acrobat Reader (64-bit),,,2026-08-07
in02444,wk0380,Adobe Acrobat Reader (64-bit),,,2026-09-12
in02445,wk0405,Adobe Acrobat Reader DC,,,2026-08-23
in02446,wk2049,Adobe Acrobat Reader DC,,,2026-08-02
in02447,wk0271,Adobe Acrobat Reader DC,,,2026-09-03
in02448,wk0384,Adobe Acrobat Reader (64-bit),,,2026-08-26
in02449,wk0140,Adobe Acrobat Reader (64-bit),,,2026-08-07
in02450,wk0091,Adobe Acrobat Reader (64-bit),,,2026-09-15
in02451,wk0208,Adobe Acrobat Reader (64-bit),,,2026-09-15
in02452,wk0387,Adobe Acrobat Reader DC,,,2026-09-25
in02453,wk0108,Adobe Acrobat Reader DC,,,2026-08-30
in02454,wk0407,Adobe Acrobat Reader (64-bit),,,2026-08-30
in02455,wk0286,Adobe Acrobat Reader DC,,,2026-09-19
in02456,wk0110,Adobe Acrobat Reader (64-bit),,,2026-09-01
in02457,wk0371,Adobe Acrobat Reader (64-bit),,,2026-08-09
in02458,wk0125,Adobe Acrobat Reader DC,,,2026-09-07
in02459,wk2048,Adobe Acrobat Reader DC,,,2026-08-27
in02460,wk0399,Adobe Acrobat Reader (64-bit),,,2026-08-03
in02461,wk2041,Adobe Acrobat Reader DC,,,2026-08-20
in02462,wk0040,Adobe Acrobat Reader (64-bit),,,2026-09-12
in02463,wk2007,Adobe Acrobat Reader DC,,,2026-08-30
in02464,wk0220,Adobe Acrobat Reader (64-bit),,,2026-09-13
in02465,wk0323,Adobe Acrobat Reader (64-bit),,,2026-09-03
in02466,wk0006,Adobe Acrobat Reader (64-bit),,,2026-09-13
in02467,wk0132,Adobe Acrobat Reader DC,,,2026-08-23
in02468,wk0249,Adobe Acrobat Reader (64-bit),,,2026-09-20
in02469,wk0352,Adobe Acrobat Reader DC,,,2026-08-22
in02470,wk0477,Adobe Acrobat Reader DC,,,2026-09-05
in02471,wk0240,Adobe Acrobat Reader (64-bit),,,2026-09-14
in02472,wk2055,Adobe Acrobat Reader DC,,,2026-09-08
in02473,wk0359,Adobe Acrobat Reader DC,,,2026-09-04
in02474,wk0367,Adobe Acrobat Reader (64-bit),,,2026-09-02
in02475,wk0104,Adobe Acrobat Reader DC,,,2026-08-16
in02476,wk2054,Adobe Acrobat Reader DC,,,2026-08-18
in02477,wk0201,Adobe Acrobat Reader DC,,,2026-09-26
in02478,wk0001,Adobe Acrobat Reader (64-bit),,,2026-09-12
in02479,ks016,Adobe Acrobat Reader (64-bit),,,2026-09-19
in02480,wk0317,Adobe Acrobat Reader (64-bit),,,2026-09-08
in02481,wk0195,Adobe Acrobat Reader (64-bit),,,2026-08-22
in02482,wk0226,Adobe Acrobat Reader (64-bit),,,2026-09-08
in02483,wk0166,Adobe Acrobat Reader DC,,,2026-09-25
in02484,wk0118,Adobe Acrobat Reader (64-bit),,,2026-09-27
in02485,wk0172,Adobe Acrobat Reader DC,,,2026-08-29
in02486,wk0034,Adobe Acrobat Reader (64-bit),,,2026-08-25
in02487,wk0065,Adobe Acrobat Reader (64-bit),,,2026-08-14
in02488,wk0024,Adobe Acrobat Reader (64-bit),,,2026-08-20
in02489,wk0284,Adobe Acrobat Reader (64-bit),,,2026-08-26
in02490,wk2035,Adobe Acrobat Reader DC,,,2026-08-22
in02491,wk0022,Adobe Acrobat Reader (64-bit),,,2026-09-16
in02492,wk2036,Adobe Acrobat Reader (64-bit),,,2026-09-10
in02493,wk0075,Adobe Acrobat Reader (64-bit),,,2026-09-07
in02494,wk0350,Adobe Acrobat Reader (64-bit),,,2026-08-31
in02495,wk0203,Adobe Acrobat Reader (64-bit),,,2026-09-29
in02496,wk0139,Adobe Acrobat Reader DC,,,2026-08-26
in02497,wk0176,Adobe Acrobat Reader DC,,,2026-08-20
in02498,wk0206,Adobe Acrobat Reader DC,,,2026-08-10
in02499,wk0041,Adobe Acrobat Reader (64-bit),,,2026-09-28
in02500,wk0029,Adobe Acrobat Reader DC,,,2026-09-12
in02501,wk2014,Adobe Acrobat Reader DC,,,2026-08-06
in02502,wk0187,Adobe Acrobat Reader (64-bit),,,2026-09-16
in02503,wk0164,Adobe Acrobat Reader (64-bit),,,2026-08-13
in02504,wk0017,Adobe Acrobat Reader (64-bit),,,2026-09-03
in02505,wk0409,Adobe Acrobat Reader DC,,,2026-08-28
in02506,wk0462,Adobe Acrobat Reader DC,,,2026-09-29
in02507,wk0280,Adobe Acrobat Reader DC,,,2026-09-20
in02508,wk0199,Adobe Acrobat Reader DC,,,2026-08-18
in02509,wk0185,Adobe Acrobat Reader DC,,,2026-09-07
in02510,wk0234,Adobe Acrobat Reader (64-bit),,,2026-08-04
in02511,ks023,Adobe Acrobat Reader DC,,,2026-09-08
in02512,ks017,Adobe Acrobat Reader (64-bit),,,2026-09-22
in02513,wk0045,Adobe Acrobat Reader (64-bit),,,2026-08-21
in02514,wk0351,Adobe Acrobat Reader DC,,,2026-09-17
in02515,wk0343,Adobe Acrobat Reader DC,,,2026-09-29
in02516,wk0417,Adobe Acrobat Reader (64-bit),,,2026-08-31
in02517,wk0333,Adobe Acrobat Reader (64-bit),,,2026-09-29
in02518,wk0189,Adobe Acrobat Reader (64-bit),,,2026-08-22
in02519,wk0106,Adobe Acrobat Reader (64-bit),,,2026-09-08
in02520,wk0031,Adobe Acrobat Reader (64-bit),,,2026-09-17
in02521,ks000,Adobe Acrobat Reader (64-bit),,,2026-09-20
in02522,wk0133,Adobe Acrobat Reader DC,,,2026-09-20
in02523,wk0438,Adobe Acrobat Reader (64-bit),,,2026-08-10
in02524,wk0368,Adobe Acrobat Reader (64-bit),,,2026-08-02
in02525,wk0327,Adobe Acrobat Reader DC,,,2026-08-14
in02526,wk0396,Adobe Acrobat Reader (64-bit),,,2026-08-24
in02527,wk0276,Adobe Acrobat Reader DC,,,2026-08-14
in02528,wk0027,Adobe Acrobat Reader (64-bit),,,2026-09-19
in02529,wk0366,Adobe Acrobat Reader (64-bit),,,2026-09-08
in02530,wk0364,Adobe Acrobat Reader DC,,,2026-08-28
in02531,wk0386,Adobe Acrobat Reader DC,,,2026-08-22
in02532,wk0411,Adobe Acrobat Reader (64-bit),,,2026-08-27
in02533,wk0479,Adobe Acrobat Reader DC,,,2026-09-07
in02534,wk0122,Adobe Acrobat Reader (64-bit),,,2026-08-23
in02535,wk0165,Adobe Acrobat Reader DC,,,2026-10-01
in02536,wk0473,Adobe Acrobat Reader (64-bit),,,2026-09-03
in02537,wk2027,Adobe Acrobat Reader (64-bit),,,2026-08-12
in02538,wk2029,Adobe Acrobat Reader (64-bit),,,2026-09-12
in02539,wk0279,Adobe Acrobat Reader DC,,,2026-09-17
in02540,wk0193,Adobe Acrobat Reader DC,,,2026-09-12
in02541,wk0478,Adobe Acrobat Reader (64-bit),,,2026-08-16
in02542,ks014,Adobe Acrobat Reader (64-bit),,,2026-08-27
in02543,wk0028,Adobe Acrobat Reader (64-bit),,,2026-08-26
in02544,wk0150,Adobe Acrobat Reader (64-bit),,,2026-08-10
in02545,wk0010,Adobe Acrobat Reader DC,,,2026-09-26
in02546,wk0263,Adobe Acrobat Reader DC,,,2026-08-26
in02547,wk0422,Adobe Acrobat Reader (64-bit),,,2026-08-25
in02548,wk0274,Adobe Acrobat Reader (64-bit),,,2026-08-22
in02549,wk0214,Adobe Acrobat Reader DC,,,2026-08-31
in02550,wk0039,Adobe Acrobat Reader DC,,,2026-09-04
in02551,wk2026,Adobe Acrobat Reader DC,,,2026-08-31
in02552,wk0099,Adobe Acrobat Reader DC,,,2026-09-01
in02553,wk0427,Adobe Acrobat Reader (64-bit),,,2026-09-11
in02554,wk0426,Adobe Acrobat Reader DC,,,2026-08-13
in02555,wk0092,Adobe Acrobat Reader (64-bit),,,2026-08-18
in02556,wk0196,Adobe Acrobat Reader DC,,,2026-09-13
in02557,wk0429,Adobe Acrobat Reader (64-bit),,,2026-08-22
in02558,wk0465,Adobe Acrobat Reader DC,,,2026-08-11
in02559,wk0340,Adobe Acrobat Reader (64-bit),,,2026-09-13
in02560,wk0345,Adobe Acrobat Reader DC,,,2026-08-24
in02561,wk0038,Adobe Acrobat Reader DC,,,2026-08-16
in02562,wk0069,Adobe Acrobat Reader (64-bit),,,2026-09-12
in02563,wk2043,Adobe Acrobat Reader DC,,,2026-09-10
in02564,wk0264,Adobe Acrobat Reader (64-bit),,,2026-09-25
in02565,ks024,Adobe Acrobat Reader DC,,,2026-09-09
in02566,wk0348,Adobe Acrobat Reader DC,,,2026-08-26
in02567,wk0373,Adobe Acrobat Reader (64-bit),,,2026-09-20
in02568,wk0020,Adobe Acrobat Reader (64-bit),,,2026-08-16
in02569,wk0375,Adobe Acrobat Reader (64-bit),,,2026-09-24
in02570,wk0232,Adobe Acrobat Reader DC,,,2026-08-14
in02571,wk0423,Adobe Acrobat Reader (64-bit),,,2026-09-25
in02572,wk0169,Adobe Acrobat Reader (64-bit),,,2026-09-15
in02573,wk0077,Adobe Acrobat Reader (64-bit),,,2026-09-14
in02574,wk0468,Adobe Acrobat Reader (64-bit),,,2026-08-02
in02575,wk0265,Adobe Acrobat Reader (64-bit),,,2026-08-14
in02576,ks010,Adobe Acrobat Reader DC,,,2026-09-15
in02577,wk2059,Adobe Acrobat Reader (64-bit),,,2026-09-17
in02578,wk0218,Adobe Acrobat Reader (64-bit),,,2026-09-17
in02579,wk0103,Adobe Acrobat Reader DC,,,2026-08-13
in02580,wk0173,Adobe Acrobat Reader (64-bit),,,2026-08-11
in02581,wk0338,Adobe Acrobat Reader (64-bit),,,2026-09-15
in02582,wk0289,Adobe Acrobat Reader (64-bit),,,2026-09-30
in02583,wk2045,Adobe Acrobat Reader DC,,,2026-09-13
in02584,wk0453,Adobe Acrobat Reader (64-bit),,,2026-08-30
in02585,wk0032,Adobe Acrobat Reader DC,,,2026-09-23
in02586,wk0121,Adobe Acrobat Reader DC,,,2026-09-08
in02587,wk0255,Adobe Acrobat Reader (64-bit),,,2026-08-22
in02588,wk0298,Adobe Acrobat Reader DC,,,2026-09-10
in02589,wk0458,Adobe Acrobat Reader DC,,,2026-08-30
in02590,wk0237,Adobe Acrobat Reader (64-bit),,,2026-09-04
in02591,wk0229,Adobe Acrobat Reader (64-bit),,,2026-09-26
in02592,wk2030,Microsoft SQL Server 2019 Express LocalDB,,,2026-08-04
in02593,wk0312,Microsoft SQL Server 2019 Express LocalDB,,,2026-09-16
in02594,wk0374,Microsoft SQL Server 2019 Express LocalDB,,,2026-08-24
in02595,wk2058,Microsoft SQL Server 2019 Express LocalDB,,,2026-09-16
in02596,wk2049,Microsoft SQL Server 2019 Express LocalDB,,,2026-08-06
in02597,wk0043,Microsoft SQL Server 2019 Express LocalDB,,,2026-09-29
in02598,wk0351,Microsoft SQL Server 2019 Express LocalDB,,,2026-08-18
in02599,wk0430,Microsoft SQL Server 2019 Express LocalDB,,,2026-09-23
in02600,wk0268,Microsoft SQL Server 2019 Express LocalDB,,,2026-09-09
in02601,wk0185,Microsoft SQL Server 2019 Express LocalDB,,,2026-09-08
in02602,wk2006,Microsoft SQL Server 2019 Express LocalDB,,,2026-09-19
in02603,wk0337,Microsoft SQL Server 2019 Express LocalDB,,,2026-09-04
in02604,sv-sqle0,Microsoft SQL Server 2022 (64-bit) Enterprise Edition: Core-based Licensing,,,2026-09-19
in02605,sv-sqle1,Microsoft SQL Server 2022 (64-bit) Enterprise Edition: Core-based Licensing,,,2026-08-17
in02606,sv-sqle2,Microsoft SQL Server 2022 (64-bit) Enterprise Edition: Core-based Licensing,,,2026-09-29
in02607,sv-sqle3,Microsoft SQL Server 2022 (64-bit) Enterprise Edition: Core-based Licensing,,,2026-09-14
in02608,sv-sqls0,Microsoft SQL Server 2022 Standard Edition (64-bit),,,2026-09-24
in02609,sv-sqls1,Microsoft SQL Server 2022 Standard Edition (64-bit),,,2026-09-22
in02610,sv-sqls2,Microsoft SQL Server 2022 Standard Edition (64-bit),,,2026-08-12
in02611,sv-sqls3,Microsoft SQL Server 2022 Standard Edition (64-bit),,,2026-08-29
in02612,sv-sqls4,Microsoft SQL Server 2022 Standard Edition (64-bit),,,2026-08-07
in02613,sv-sqls5,Microsoft SQL Server 2022 Standard Edition (64-bit),,,2026-09-23
in02614,sv-sqls6,Microsoft SQL Server 2022 Standard Edition (64-bit),,,2026-09-18
in02615,sv-sqls7,Microsoft SQL Server 2022 Standard Edition (64-bit),,,2026-09-01
in02616,sv-sqls8,Microsoft SQL Server 2022 Standard Edition (64-bit),,,2026-08-03
in02617,sv-sqls9,Microsoft SQL Server 2022 Standard Edition (64-bit),,,2026-09-10
in02618,sv-host0,Microsoft Windows Server 2022 Datacenter,,,2026-09-18
in02619,sv-host1,Microsoft Windows Server 2022 Datacenter,,,2026-09-30
in02620,sv-host2,Microsoft Windows Server 2022 Datacenter,,,2026-08-05
in02621,sv-host3,Microsoft Windows Server 2022 Datacenter,,,2026-09-19
in02622,sv-host4,Microsoft Windows Server 2022 Datacenter,,,2026-08-28
in02623,sv-host5,Microsoft Windows Server 2022 Datacenter,,,2026-08-18
in02624,sv-host6,Microsoft Windows Server 2022 Datacenter,,,2026-08-13
in02625,sv-host7,Microsoft Windows Server 2022 Datacenter,,,2026-08-24
in02626,sv-host8,Microsoft Windows Server 2022 Datacenter,,,2026-09-10
in02627,sv-host9,Microsoft Windows Server 2022 Datacenter,,,2026-09-25
in02628,sv-host10,Microsoft Windows Server 2022 Datacenter,,,2026-08-12
in02629,sv-host11,Microsoft Windows Server 2022 Datacenter,,,2026-09-08
in02630,sv-host12,Microsoft Windows Server 2022 Datacenter,,,2026-09-05
in02631,sv-host13,Microsoft Windows Server 2022 Datacenter,,,2026-08-14
in02632,sv-host-nocores,Microsoft Windows Server 2022 Datacenter,,,2026-09-12
in02633,sv-ora0,Oracle Database 19c Enterprise Edition,,,2026-08-11
in02634,sv-ora1,Oracle Database 19c Enterprise Edition,,,2026-09-01
in02635,wk0308,Dispatch Console Client 3.2,,,2026-08-29
in02636,ks018,Dispatch Console Client 3.2,,,2026-09-29
in02637,wk0025,Dispatch Console Client 3.2,,,2026-09-14
in02638,wk0192,Dispatch Console Client 3.2,,,2026-09-23
in02639,wk2021,Dispatch Console Client 3.2,,,2026-09-02
in02640,wk0181,Dispatch Console Client 3.2,,,2026-09-18
in02641,wk0081,Dispatch Console Client 3.2,,,2026-08-15
in02642,wk0209,Dispatch Console Client 3.2,,,2026-08-07
in02643,wk0352,Dispatch Console Client 3.2,,,2026-09-18
in02644,wk0435,Dispatch Console Client 3.2,,,2026-09-16
in02645,wk0065,Dispatch Console Client 3.2,,,2026-09-22
in02646,wk0084,Dispatch Console Client 3.2,,,2026-09-30
in02647,ks001,Dispatch Console Client 3.2,,,2026-08-05
in02648,wk0044,Dispatch Console Client 3.2,,,2026-08-22
in02649,wk0129,Dispatch Console Client 3.2,,,2026-08-20
in02650,wk0016,Dispatch Console Client 3.2,,,2026-08-19
in02651,wk2059,Dispatch Console Client 3.2,,,2026-08-25
in02652,wk2019,Dispatch Console Client 3.2,,,2026-09-14
in02653,wk0449,Dispatch Console Client 3.2,,,2026-09-23
in02654,wk0259,Dispatch Console Client 3.2,,,2026-08-31
in02655,wk0281,Dispatch Console Client 3.2,,,2026-09-05
in02656,wk0029,Dispatch Console Client 3.2,,,2026-09-08
in02657,wk0420,Dispatch Console Client 3.2,,,2026-08-02
in02658,wk0277,Dispatch Console Client 3.2,,,2026-08-05
in02659,wk0445,HP Smart,,,2026-08-30
in02660,wk0429,HP Smart,,,2026-09-25
in02661,wk0058,HP Smart,,,2026-08-31
in02662,wk0043,Lenovo Vantage Service,,,2026-08-14
in02663,wk0414,Lenovo Vantage Service,,,2026-09-05
in02664,wk0139,Lenovo Vantage Service,,,2026-09-12
in02665,wk2024,Lenovo Vantage Service,,,2026-08-14
in02666,wk2023,Lenovo Vantage Service,,,2026-08-16
in02667,wk0179,Lenovo Vantage Service,,,2026-08-22
in02668,wk0148,Lenovo Vantage Service,,,2026-09-18
in02669,wk2044,Lenovo Vantage Service,,,2026-09-22
in02670,wk0413,Lenovo Vantage Service,,,2026-08-27
in02671,wk0134,Lenovo Vantage Service,,,2026-08-19
in02672,wk2035,Lenovo Vantage Service,,,2026-08-24
in02673,wk0430,Lenovo Vantage Service,,,2026-09-02
in02674,wk0284,Lenovo Vantage Service,,,2026-08-13
in02675,wk0272,Lenovo Vantage Service,,,2026-09-01
in02676,wk0087,Lenovo Vantage Service,,,2026-09-21
in02677,wk0244,Lenovo Vantage Service,,,2026-09-29
in02678,wk0118,Lenovo Vantage Service,,,2026-09-09
in02679,wk0470,Lenovo Vantage Service,,,2026-08-27
in02680,wk0372,Lenovo Vantage Service,,,2026-08-10
in02681,wk0100,Lenovo Vantage Service,,,2026-09-18
in02682,wk2043,Lenovo Vantage Service,,,2026-08-11
in02683,ks007,Lenovo Vantage Service,,,2026-09-10
in02684,wk0187,Lenovo Vantage Service,,,2026-08-05
in02685,wk2050,Lenovo Vantage Service,,,2026-09-24
in02686,wk0220,Lenovo Vantage Service,,,2026-08-16
in02687,wk0140,Lenovo Vantage Service,,,2026-09-18
in02688,wk0016,Lenovo Vantage Service,,,2026-09-03
in02689,wk0094,Lenovo Vantage Service,,,2026-09-25
in02690,wk0336,Lenovo Vantage Service,,,2026-09-24
in02691,wk0236,Lenovo Vantage Service,,,2026-08-16
in02692,wk0320,Lenovo Vantage Service,,,2026-08-15
in02693,wk0233,Lenovo Vantage Service,,,2026-08-15
in02694,wk0126,Lenovo Vantage Service,,,2026-09-10
in02695,wk0048,Lenovo Vantage Service,,,2026-08-21
in02696,wk0428,Lenovo Vantage Service,,,2026-08-29
in02697,wk0185,Lenovo Vantage Service,,,2026-08-13
in02698,wk0035,Lenovo Vantage Service,,,2026-08-02
in02699,wk2009,Lenovo Vantage Service,,,2026-08-29
in02700,wk2015,Lenovo Vantage Service,,,2026-08-25
in02701,wk0216,Lenovo Vantage Service,,,2026-08-27
in02702,wk0048,Python 3.12.4 (64-bit),,,2026-08-27
in02703,wk0275,Python 3.12.4 (64-bit),,,2026-08-29
in02704,wk0007,Python 3.12.4 (64-bit),,,2026-09-08
in02705,wk2025,Python 3.12.4 (64-bit),,,2026-08-29
in02706,wk0431,Python 3.12.4 (64-bit),,,2026-09-06
in02707,wk0054,Python 3.12.4 (64-bit),,,2026-09-22
in02708,wk0132,Python 3.12.4 (64-bit),,,2026-09-04
in02709,wk0337,Python 3.12.4 (64-bit),,,2026-09-15
in02710,wk0436,Python 3.12.4 (64-bit),,,2026-09-08
in02711,wk0068,Python 3.12.4 (64-bit),,,2026-09-12
in02712,wk0442,Python 3.12.4 (64-bit),,,2026-08-24
in02713,wk0245,Python 3.12.4 (64-bit),,,2026-09-26
in02714,wk0017,Bloomberg Terminal,,,2026-09-28
in02715,wk0331,Bloomberg Terminal,,,2026-09-04
in02716,wk0116,Bloomberg Terminal,,,2026-08-16
in02717,wk0404,Bloomberg Terminal,,,2026-09-18
in02718,wk2027,Bloomberg Terminal,,,2026-09-27
in02719,wk0459,Bloomberg Terminal,,,2026-08-16
in02720,wk0179,Bloomberg Terminal,,,2026-08-11
in02721,wk0122,Bloomberg Terminal,,,2026-09-03
in02722,wk0375,Bloomberg Terminal,,,2026-08-20
in02723,wk0037,Bloomberg Terminal,,,2026-08-25
in02724,wk0244,Bloomberg Terminal,,,2026-09-01
in02725,wk0015,Bloomberg Terminal,,,2026-08-12
in02726,wk0154,Bloomberg Terminal,,,2026-08-05
in02727,wk0052,Bloomberg Terminal,,,2026-08-03
in02728,wk0292,Bloomberg Terminal,,,2026-08-03
in02729,wk0476,Bloomberg Terminal,,,2026-08-14
in02730,wk0059,Bloomberg Terminal,,,2026-08-23
in02731,wk0240,Bloomberg Terminal,,,2026-09-23
in02732,wk0246,Bloomberg Terminal,,,2026-09-25
in02733,wk0260,Bloomberg Terminal,,,2026-08-18
in02734,wk2000,Bloomberg Terminal,,,2026-08-25
in02735,wk0454,Bloomberg Terminal,,,2026-10-01
in02736,wk0396,Bloomberg Terminal,,,2026-09-05
in02737,wk0119,Bloomberg Terminal,,,2026-09-05
in02738,wk0239,Bloomberg Terminal,,,2026-09-16
in02739,wk0190,Bloomberg Terminal,,,2026-08-30
in02740,wk0374,Bloomberg Terminal,,,2026-08-03
in02741,wk0117,Bloomberg Terminal,,,2026-08-17
in02742,wk0357,Bloomberg Terminal,,,2026-08-16
in02743,wk0470,Bloomberg Terminal,,,2026-09-24
in02744,wk0148,Bloomberg Terminal,,,2026-08-25
in02745,wk0450,Cisco Secure Client,,,2026-09-03
in02746,wk0350,Cisco Secure Client,,,2026-09-24
in02747,wk0222,Cisco Secure Client,,,2026-09-11
in02748,wk0332,Cisco Secure Client,,,2026-08-27
in02749,wk0092,Cisco Secure Client,,,2026-09-18
in02750,wk0186,Cisco Secure Client,,,2026-09-21
in02751,wk2050,Cisco Secure Client,,,2026-08-07
in02752,wk0338,Cisco Secure Client,,,2026-09-12
in02753,wk0066,Cisco Secure Client,,,2026-08-28
in02754,wk0335,Cisco Secure Client,,,2026-08-23
in02755,wk0019,Cisco Secure Client,,,2026-09-22
in02756,wk0113,Cisco Secure Client,,,2026-08-05
in02757,wk0256,Cisco Secure Client,,,2026-08-30
in02758,wk0420,Cisco Secure Client,,,2026-09-14
in02759,wk0179,Cisco Secure Client,,,2026-09-15
in02760,wk2032,Cisco Secure Client,,,2026-08-04
in02761,wk0034,Cisco Secure Client,,,2026-08-25
in02762,wk0457,Microsoft Edge WebView2 Runtime,,,2026-08-05
in02763,wk0159,Microsoft Edge WebView2 Runtime,,,2026-09-28
in02764,wk0300,Microsoft Edge WebView2 Runtime,,,2026-09-04
in02765,wk0268,Microsoft Edge WebView2 Runtime,,,2026-08-10
in02766,wk0449,Microsoft Edge WebView2 Runtime,,,2026-08-04
in02767,wk0217,Microsoft Edge WebView2 Runtime,,,2026-08-21
in02768,wk0169,Microsoft Edge WebView2 Runtime,,,2026-09-15
in02769,wk0196,Microsoft Edge WebView2 Runtime,,,2026-09-20
in02770,wk0454,Microsoft Edge WebView2 Runtime,,,2026-08-04
in02771,wk0134,Microsoft Edge WebView2 Runtime,,,2026-08-29
in02772,wk0218,Microsoft Edge WebView2 Runtime,,,2026-09-10
in02773,wk0340,Microsoft Edge WebView2 Runtime,,,2026-08-19
in02774,wk0177,Microsoft Edge WebView2 Runtime,,,2026-09-18
in02775,wk0404,Microsoft Edge WebView2 Runtime,,,2026-09-07
in02776,wk0312,Microsoft Edge WebView2 Runtime,,,2026-09-14
in02777,wk0413,Microsoft Edge WebView2 Runtime,,,2026-08-10
in02778,wk2006,Microsoft Edge WebView2 Runtime,,,2026-09-23
in02779,wk0405,Microsoft Edge WebView2 Runtime,,,2026-09-23
in02780,wk0158,Microsoft Edge WebView2 Runtime,,,2026-08-06
in02781,wk0373,Microsoft Edge WebView2 Runtime,,,2026-08-04
